index,Date,Adj Close
0,2017-02-01,16.75201988220215
1,2017-02-02,16.94466209411621
2,2017-02-03,17.279712677001953
3,2017-02-06,17.36347198486328
4,2017-02-07,17.422103881835938
5,2017-02-08,17.455602645874023
6,2017-02-09,17.489105224609375
7,2017-02-10,17.606369018554688
8,2017-02-13,17.589616775512695
9,2017-02-14,17.6147518157959
10,2017-02-15,17.514238357543945
11,2017-02-16,17.556114196777344
12,2017-02-17,17.715261459350586
13,2017-02-21,17.983295440673828
14,2017-02-22,18.067052841186523
15,2017-02-23,18.07542610168457
16,2017-02-24,18.092182159423828
17,2017-02-27,18.268075942993164
18,2017-02-28,18.25132942199707
19,2017-03-01,18.03354835510254
20,2017-03-02,18.19269752502441
21,2017-03-03,18.268075942993164
22,2017-03-06,18.36021614074707
23,2017-03-07,18.268075942993164
24,2017-03-08,18.050302505493164
25,2017-03-09,17.790645599365234
26,2017-03-10,17.924659729003906
27,2017-03-13,17.907909393310547
28,2017-03-14,17.799026489257812
29,2017-03-15,18.025171279907227
30,2017-03-16,17.99166488647461
31,2017-03-17,18.092182159423828
32,2017-03-20,18.04192352294922
33,2017-03-21,17.916284561157227
34,2017-03-22,18.0084228515625
35,2017-03-23,18.00004768371582
36,2017-03-24,18.07542610168457
37,2017-03-27,18.03354835510254
38,2017-03-28,18.12568664550781
39,2017-03-29,18.167560577392575
40,2017-03-30,18.21782112121582
41,2017-03-31,18.284832000732425
42,2017-04-03,18.1173095703125
43,2017-04-04,18.04192352294922
44,2017-04-05,18.07542610168457
45,2017-04-06,18.17594146728516
46,2017-04-07,18.100557327270508
47,2017-04-10,18.12568664550781
48,2017-04-11,18.050302505493164
49,2017-04-12,18.050302505493164
50,2017-04-13,17.832523345947266
51,2017-04-17,18.15081787109375
52,2017-04-18,18.234575271606445
53,2017-04-19,18.21782112121582
54,2017-04-20,18.00004768371582
55,2017-04-21,18.14243698120117
56,2017-04-24,18.12568664550781
57,2017-04-25,18.19269752502441
58,2017-04-26,18.1591911315918
59,2017-04-27,18.083803176879883
60,2017-04-28,18.050302505493164
61,2017-05-01,18.1591911315918
62,2017-05-02,18.025171279907227
63,2017-05-03,17.99166488647461
64,2017-05-04,17.75714111328125
65,2017-05-05,17.815776824951172
66,2017-05-08,17.82415008544922
67,2017-05-09,17.966543197631836
68,2017-05-10,18.15081787109375
69,2017-05-11,18.394392013549805
70,2017-05-12,18.302001953125
71,2017-05-15,18.394392013549805
72,2017-05-16,17.94923210144043
73,2017-05-17,18.09201431274414
74,2017-05-18,18.18441200256348
75,2017-05-19,18.293598175048828
76,2017-05-22,18.201210021972656
77,2017-05-23,18.108816146850582
78,2017-05-24,18.176013946533203
79,2017-05-25,17.80644416809082
80,2017-05-26,17.80644416809082
81,2017-05-30,17.94083595275879
82,2017-05-31,18.075220108032227
83,2017-06-01,18.209613800048828
84,2017-06-02,18.419591903686523
85,2017-06-05,18.125612258911133
86,2017-06-06,18.075220108032227
87,2017-06-07,17.89043426513672
88,2017-06-08,17.789642333984375
89,2017-06-09,17.974428176879883
90,2017-06-12,18.01642417907715
91,2017-06-13,17.98282241821289
92,2017-06-14,18.05842018127441
93,2017-06-15,18.024822235107425
94,2017-06-16,17.831642150878906
95,2017-06-19,18.150814056396484
96,2017-06-20,17.94923210144043
97,2017-06-21,17.882038116455078
98,2017-06-22,18.008033752441406
99,2017-06-23,18.243209838867188
100,2017-06-26,18.176013946533203
101,2017-06-27,18.11721611022949
102,2017-06-28,18.11721611022949
103,2017-06-29,17.89043426513672
104,2017-06-30,18.167612075805664
105,2017-07-03,18.209613800048828
106,2017-07-05,18.21800422668457
107,2017-07-06,17.882038116455078
108,2017-07-07,18.01642417907715
109,2017-07-10,17.999629974365234
110,2017-07-11,18.01642417907715
111,2017-07-12,18.05002212524414
112,2017-07-13,18.05002212524414
113,2017-07-14,18.09201431274414
114,2017-07-17,18.167612075805664
115,2017-07-18,18.041622161865234
116,2017-07-19,18.209613800048828
117,2017-07-20,18.18441200256348
118,2017-07-21,18.26000213623047
119,2017-07-24,18.285202026367188
120,2017-07-25,18.176013946533203
121,2017-07-26,17.999629974365234
122,2017-07-27,17.865238189697266
123,2017-07-28,17.91563606262207
124,2017-07-31,17.90723991394043
125,2017-08-01,18.033226013183597
126,2017-08-02,17.80644416809082
127,2017-08-03,17.70565414428711
128,2017-08-04,17.772846221923828
129,2017-08-07,17.730846405029297
130,2017-08-08,17.49567222595215
131,2017-08-09,17.63006019592285
132,2017-08-10,18.318798065185547
133,2017-08-11,18.478979110717773
134,2017-08-14,19.389427185058597
135,2017-08-15,19.33885383605957
136,2017-08-16,19.68449211120605
137,2017-08-17,19.83623504638672
138,2017-08-18,19.659198760986328
139,2017-08-21,19.6423397064209
140,2017-08-22,19.51588249206543
141,2017-08-23,19.549606323242188
142,2017-08-24,19.305131912231445
143,2017-08-25,19.29669570922852
144,2017-08-28,19.254547119140625
145,2017-08-29,19.102806091308597
146,2017-08-30,19.389427185058597
147,2017-08-31,19.50745010375977
148,2017-09-01,19.608617782592773
149,2017-09-05,19.330421447753903
150,2017-09-06,19.052227020263672
151,2017-09-07,18.816186904907227
152,2017-09-08,18.824607849121094
153,2017-09-11,19.313560485839844
154,2017-09-12,19.01007461547852
155,2017-09-13,18.70659065246582
156,2017-09-14,18.69815826416016
157,2017-09-15,18.883623123168945
158,2017-09-18,19.12809562683105
159,2017-09-19,19.389427185058597
160,2017-09-20,18.942626953125
161,2017-09-21,19.02693748474121
162,2017-09-22,18.672866821289062
163,2017-09-25,18.967918395996094
164,2017-09-26,18.934206008911133
165,2017-09-27,19.102806091308597
166,2017-09-28,18.908910751342773
167,2017-09-29,19.094383239746094
168,2017-10-02,19.380998611450195
169,2017-10-03,19.077516555786133
170,2017-10-04,19.23769187927246
171,2017-10-05,19.161821365356445
172,2017-10-06,18.84990119934082
173,2017-10-09,18.90048217773437
174,2017-10-10,19.12809562683105
175,2017-10-11,19.08594512939453
176,2017-10-12,19.06065559387207
177,2017-10-13,19.077516555786133
178,2017-10-16,19.08594512939453
179,2017-10-17,19.094383239746094
180,2017-10-18,19.220827102661133
181,2017-10-19,19.170246124267575
182,2017-10-20,19.32199478149414
183,2017-10-23,19.16971778869629
184,2017-10-24,19.186635971069336
185,2017-10-25,19.296611785888672
186,2017-10-26,19.245853424072266
187,2017-10-27,19.42350959777832
188,2017-10-30,19.34737014770508
189,2017-10-31,19.093578338623047
190,2017-11-01,19.16126251220703
191,2017-11-02,19.63500213623047
192,2017-11-03,19.321992874145508
193,2017-11-06,19.558862686157227
194,2017-11-07,19.626544952392575
195,2017-11-08,19.59270477294922
196,2017-11-09,19.71113967895508
197,2017-11-10,20.07490539550781
198,2017-11-13,19.93955612182617
199,2017-11-14,19.88033103942871
200,2017-11-15,19.46580696105957
201,2017-11-16,19.61808013916016
202,2017-11-17,19.305072784423828
203,2017-11-20,19.305072784423828
204,2017-11-21,19.770357131958008
205,2017-11-22,19.88033103942871
206,2017-11-24,20.01568603515625
207,2017-11-27,19.787273406982425
208,2017-11-28,19.525020599365234
209,2017-11-29,19.888795852661133
210,2017-11-30,19.922632217407227
211,2017-12-01,19.888795852661133
212,2017-12-04,19.854955673217773
213,2017-12-05,19.51656723022461
214,2017-12-06,19.53348159790039
215,2017-12-07,19.660377502441406
216,2017-12-08,20.007225036621094
217,2017-12-11,20.024147033691406
218,2017-12-12,20.03260612487793
219,2017-12-13,20.04952621459961
220,2017-12-14,20.100284576416016
221,2017-12-15,20.38791275024414
222,2017-12-18,20.320240020751957
223,2017-12-19,20.024147033691406
224,2017-12-20,19.73651885986328
225,2017-12-21,19.80419540405273
226,2017-12-22,19.71113967895508
227,2017-12-26,19.770357131958008
228,2017-12-27,19.787273406982425
229,2017-12-28,19.96492958068848
230,2017-12-29,19.93955612182617
231,2018-01-02,19.87187385559082
232,2018-01-03,19.8634090423584
233,2018-01-04,19.49964714050293
234,2018-01-05,19.49964714050293
235,2018-01-08,19.550405502319336
236,2018-01-09,19.305072784423828
237,2018-01-10,19.355825424194336
238,2018-01-11,19.34737014770508
239,2018-01-12,19.212013244628903
240,2018-01-16,19.28815269470215
241,2018-01-17,19.042821884155277
242,2018-01-18,18.92438316345215
243,2018-01-19,18.763652801513672
244,2018-01-22,18.975141525268555
245,2018-01-23,19.37274932861328
246,2018-01-24,19.11049461364746
247,2018-01-25,19.102039337158203
248,2018-01-26,19.059741973876957
249,2018-01-29,18.755186080932617
250,2018-01-30,18.61138153076172
251,2018-01-31,19.025903701782227
252,2018-02-01,18.653675079345703
253,2018-02-02,18.67059326171875
254,2018-02-05,17.926143646240234
255,2018-02-06,17.97690200805664
256,2018-02-07,17.917678833007812
257,2018-02-08,17.38471221923828
258,2018-02-09,17.723108291625977
259,2018-02-12,17.85917091369629
260,2018-02-13,17.901695251464844
261,2018-02-14,18.131317138671875
262,2018-02-15,18.29289436340332
263,2018-02-16,18.301401138305664
264,2018-02-20,18.080286026000977
265,2018-02-21,17.731611251831055
266,2018-02-22,18.43747329711914
267,2018-02-23,18.667091369628903
268,2018-02-26,18.65008354187012
269,2018-02-27,18.301401138305664
270,2018-02-28,18.496999740600582
271,2018-03-01,18.63307380676269
272,2018-03-02,18.701107025146484
273,2018-03-05,18.75213623046875
274,2018-03-06,18.80315399169922
275,2018-03-07,19.03277969360352
276,2018-03-08,19.177350997924805
277,2018-03-09,19.270896911621094
278,2018-03-12,19.296411514282227
279,2018-03-13,19.270896911621094
280,2018-03-14,19.22837448120117
281,2018-03-15,19.245386123657227
282,2018-03-16,19.37295150756836
283,2018-03-19,19.21987533569336
284,2018-03-20,18.98176002502441
285,2018-03-21,18.879695892333984
286,2018-03-22,18.77764892578125
287,2018-03-23,18.624570846557617
288,2018-03-26,18.88820075988769
289,2018-03-27,19.100811004638672
290,2018-03-28,19.279401779174805
291,2018-03-29,19.41547966003418
292,2018-04-02,19.194360733032227
293,2018-04-03,19.34744071960449
294,2018-04-04,19.40696907043457
295,2018-04-05,19.253889083862305
296,2018-04-06,19.211368560791016
297,2018-04-09,19.177350997924805
298,2018-04-10,19.33893394470215
299,2018-04-11,19.279401779174805
300,2018-04-12,19.16884422302246
301,2018-04-13,19.202863693237305
302,2018-04-16,19.321922302246094
303,2018-04-17,19.517528533935547
304,2018-04-18,19.534536361694336
305,2018-04-19,19.143333435058597
306,2018-04-20,19.194360733032227
307,2018-04-23,19.22837448120117
308,2018-04-24,19.45799446105957
309,2018-04-25,19.534536361694336
310,2018-04-26,19.619579315185547
311,2018-04-27,19.747146606445312
312,2018-04-30,19.679107666015625
313,2018-05-01,19.81517791748047
314,2018-05-02,19.781156539916992
315,2018-05-03,19.71312713623047
316,2018-05-04,20.010780334472656
317,2018-05-07,20.010780334472656
318,2018-05-08,19.985265731811523
319,2018-05-09,20.180864334106445
320,2018-05-10,20.1468505859375
321,2018-05-11,20.13834571838379
322,2018-05-14,19.882020950317383
323,2018-05-15,19.070337295532227
324,2018-05-16,18.959264755249023
325,2018-05-17,18.91654396057129
326,2018-05-18,18.77983665466309
327,2018-05-21,18.72858238220215
328,2018-05-22,18.600419998168945
329,2018-05-23,18.66022682189941
330,2018-05-24,18.702939987182617
331,2018-05-25,18.64313697814941
332,2018-05-29,18.69440269470215
333,2018-05-30,19.155776977539062
334,2018-05-31,18.80547142028809
335,2018-06-01,18.865280151367188
336,2018-06-04,19.09596824645996
337,2018-06-05,18.839645385742188
338,2018-06-06,18.67731094360352
339,2018-06-07,18.98489570617676
340,2018-06-08,18.933631896972656
341,2018-06-11,18.91654396057129
342,2018-06-12,18.925085067749023
343,2018-06-13,18.925085067749023
344,2018-06-14,19.155776977539062
345,2018-06-15,19.147232055664062
346,2018-06-18,19.19849967956543
347,2018-06-19,19.010528564453125
348,2018-06-20,19.266849517822266
349,2018-06-21,19.3181209564209
350,2018-06-22,19.309574127197266
351,2018-06-25,19.43773078918457
352,2018-06-26,19.60861587524414
353,2018-06-27,19.49754524230957
354,2018-06-28,19.676965713500977
355,2018-06-29,19.70259666442871
356,2018-07-02,19.47191047668457
357,2018-07-03,19.711143493652344
358,2018-07-05,19.70259666442871
359,2018-07-06,19.77949333190918
360,2018-07-09,19.796586990356445
361,2018-07-10,19.770952224731445
362,2018-07-11,19.85638999938965
363,2018-07-12,20.010183334350582
364,2018-07-13,19.95037841796875
365,2018-07-16,19.882020950317383
366,2018-07-17,19.796586990356445
367,2018-07-18,20.035816192626957
368,2018-07-19,20.138347625732425
369,2018-07-20,20.09562492370605
370,2018-07-23,20.035816192626957
371,2018-07-24,19.65133476257324
372,2018-07-25,19.64278793334961
373,2018-07-26,19.882020950317383
374,2018-07-27,19.694053649902344
375,2018-07-30,19.64278793334961
376,2018-07-31,19.74532127380371
377,2018-08-01,19.788047790527344
378,2018-08-02,19.839296340942383
379,2018-08-03,20.052906036376957
380,2018-08-06,20.12125396728516
381,2018-08-07,20.146892547607425
382,2018-08-08,20.12125396728516
383,2018-08-09,20.34339904785156
384,2018-08-10,19.933284759521484
385,2018-08-13,19.60861587524414
386,2018-08-14,19.3437442779541
387,2018-08-15,19.515460968017575
388,2018-08-16,19.936159133911133
389,2018-08-17,19.91899681091309
390,2018-08-20,19.850311279296875
391,2018-08-21,19.73869132995605
392,2018-08-22,19.652833938598636
393,2018-08-23,19.987680435180664
394,2018-08-24,19.95333671569824
395,2018-08-27,19.798791885375977
396,2018-08-28,20.15081214904785
397,2018-08-29,20.09070587158203
398,2018-08-30,20.082120895385746
399,2018-08-31,20.064956665039062
400,2018-09-04,19.884660720825195
401,2018-09-05,19.95333671569824
402,2018-09-06,20.02202796936035
403,2018-09-07,20.05636405944824
404,2018-09-10,20.185155868530277
405,2018-09-11,20.41696548461914
406,2018-09-12,20.15081214904785
407,2018-09-13,20.425556182861328
408,2018-09-14,20.22808265686035
409,2018-09-17,20.35687828063965
410,2018-09-18,20.313941955566406
411,2018-09-19,20.107879638671875
412,2018-09-20,20.305355072021484
413,2018-09-21,20.554346084594727
414,2018-09-24,20.03060913085937
415,2018-09-25,19.987680435180664
416,2018-09-26,19.506874084472656
417,2018-09-27,19.506874084472656
418,2018-09-28,19.670011520385746
419,2018-10-01,19.515460968017575
420,2018-10-02,19.5240478515625
421,2018-10-03,19.300819396972656
422,2018-10-04,19.069002151489254
423,2018-10-05,18.965972900390625
424,2018-10-08,19.206377029418945
425,2018-10-09,19.2149600982666
426,2018-10-10,18.862945556640625
427,2018-10-11,18.176088333129883
428,2018-10-12,18.11598777770996
429,2018-10-15,18.37355613708496
430,2018-10-16,18.725570678710938
431,2018-10-17,18.699817657470703
432,2018-10-18,18.78567695617676
433,2018-10-19,18.79425621032715
434,2018-10-22,18.63971710205078
435,2018-10-23,18.87152671813965
436,2018-10-24,18.905872344970703
437,2018-10-25,18.88011741638184
438,2018-10-26,18.76850128173828
439,2018-10-29,19.18061828613281
440,2018-10-30,18.9831485748291
441,2018-10-31,18.78567695617676
442,2018-11-01,18.759916305541992
443,2018-11-02,18.227598190307617
444,2018-11-05,17.798309326171875
445,2018-11-06,18.055883407592773
446,2018-11-07,18.30487060546875
447,2018-11-08,18.605371475219727
448,2018-11-09,18.63971710205078
449,2018-11-12,18.59678268432617
450,2018-11-13,18.691713333129883
451,2018-11-14,18.44145393371582
452,2018-11-15,18.208452224731445
453,2018-11-16,18.035865783691406
454,2018-11-19,18.05312156677246
455,2018-11-20,17.880529403686523
456,2018-11-21,17.984085083007812
457,2018-11-23,17.9754581451416
458,2018-11-26,18.079011917114254
459,2018-11-27,18.346525192260746
460,2018-11-28,18.570899963378903
461,2018-11-29,18.45871353149414
462,2018-11-30,18.519115447998047
463,2018-12-03,18.562265396118164
464,2018-12-04,18.329269409179688
465,2018-12-06,18.855676651000977
466,2018-12-07,18.79526710510254
467,2018-12-10,18.73485946655273
468,2018-12-11,18.657196044921875
469,2018-12-12,18.3378963470459
470,2018-12-13,18.54500770568848
471,2018-12-14,18.44145393371582
472,2018-12-17,17.906417846679688
473,2018-12-18,18.0013427734375
474,2018-12-19,17.811491012573242
475,2018-12-20,17.604385375976562
476,2018-12-21,17.30234718322754
477,2018-12-24,16.75868034362793
478,2018-12-26,17.293716430664062
479,2018-12-27,17.362756729125977
480,2018-12-28,17.26782989501953
481,2018-12-31,17.328237533569336
482,2019-01-02,17.000308990478516
483,2019-01-03,17.112491607666016
484,2019-01-04,17.181529998779297
485,2019-01-07,17.086605072021484
486,2019-01-08,17.41452980041504
487,2019-01-09,17.310970306396484
488,2019-01-10,17.543975830078125
489,2019-01-11,17.716569900512695
490,2019-01-14,17.604385375976562
491,2019-01-15,17.690675735473633
492,2019-01-16,17.906417846679688
493,2019-01-17,18.312009811401367
494,2019-01-18,18.3378963470459
495,2019-01-22,18.19119453430176
496,2019-01-23,18.208452224731445
497,2019-01-24,18.268857955932617
498,2019-01-25,18.64856338500977
499,2019-01-28,18.94196891784668
500,2019-01-29,19.21811866760254
501,2019-01-30,19.261266708374023
502,2019-01-31,19.40797233581543
503,2019-02-01,19.45111846923828
504,2019-02-04,19.77904319763184
505,2019-02-05,19.787675857543945
506,2019-02-06,19.41659545898437
507,2019-02-07,19.51152610778809
508,2019-02-08,19.692745208740234
509,2019-02-11,19.77904319763184
510,2019-02-12,19.83111000061035
511,2019-02-13,19.900548934936523
512,2019-02-14,19.744327545166016
513,2019-02-15,20.412595748901367
514,2019-02-19,20.508060455322266
515,2019-02-20,20.160907745361328
516,2019-02-21,20.152223587036133
517,2019-02-22,20.004695892333984
518,2019-02-25,19.961292266845703
519,2019-02-26,19.99601554870605
520,2019-02-27,20.013368606567383
521,2019-02-28,19.961292266845703
522,2019-03-01,19.779041290283203
523,2019-03-04,20.11751365661621
524,2019-03-05,20.19562530517578
525,2019-03-06,20.265056610107425
526,2019-03-07,20.25637435913086
527,2019-03-08,20.34316635131836
528,2019-03-11,20.42127799987793
529,2019-03-12,20.412595748901367
530,2019-03-13,20.52541732788086
531,2019-03-14,20.707683563232425
532,2019-03-15,20.698997497558597
533,2019-03-18,20.42995262145996
534,2019-03-19,20.22166633605957
535,2019-03-20,20.22166633605957
536,2019-03-21,20.698997497558597
537,2019-03-22,20.84653854370117
538,2019-03-25,20.88993263244629
539,2019-03-26,21.11557960510254
540,2019-03-27,20.959362030029297
541,2019-03-28,20.985401153564453
542,2019-03-29,21.11557960510254
543,2019-04-01,21.11557960510254
544,2019-04-02,21.18501091003418
545,2019-04-03,21.24576187133789
546,2019-04-04,21.211048126220703
547,2019-04-05,21.271800994873047
548,2019-04-08,21.14161872863769
549,2019-04-09,20.88993263244629
550,2019-04-10,21.0461483001709
551,2019-04-11,21.26312255859375
552,2019-04-12,21.59291648864746
553,2019-04-15,21.64498519897461
554,2019-04-16,21.14161872863769
555,2019-04-17,20.968036651611328
556,2019-04-18,21.16765022277832
557,2019-04-22,20.82050323486328
558,2019-04-23,21.072185516357425
559,2019-04-24,21.38462257385254
560,2019-04-25,21.49744987487793
561,2019-04-26,21.69706344604492
562,2019-04-29,21.47141456604004
563,2019-04-30,21.57555389404297
564,2019-05-01,21.506126403808597
565,2019-05-02,21.48876953125
566,2019-05-03,21.60158920288086
567,2019-05-06,21.566879272460938
568,2019-05-07,21.35858726501465
569,2019-05-08,21.211048126220703
570,2019-05-09,21.419342041015625
571,2019-05-10,21.72309875488281
572,2019-05-13,21.558202743530277
573,2019-05-14,21.601825714111328
574,2019-05-15,21.785036087036133
575,2019-05-16,22.081666946411133
576,2019-05-17,22.11656379699707
577,2019-05-20,21.92463111877441
578,2019-05-21,22.19508934020996
579,2019-05-22,22.18636131286621
580,2019-05-23,22.273611068725582
581,2019-05-24,22.48299789428711
582,2019-05-28,22.16891288757324
583,2019-05-29,22.046764373779297
584,2019-05-30,22.177637100219727
585,2019-05-31,22.36085319519043
586,2019-06-03,22.50916862487793
587,2019-06-04,22.762182235717773
588,2019-06-05,22.962839126586918
589,2019-06-06,23.19840240478516
590,2019-06-07,23.25074577331543
591,2019-06-10,23.372892379760746
592,2019-06-11,23.50375747680664
593,2019-06-12,23.529930114746094
594,2019-06-13,23.634632110595703
595,2019-06-14,23.826560974121094
596,2019-06-17,23.974884033203125
597,2019-06-18,24.001056671142575
598,2019-06-19,24.21044540405273
599,2019-06-20,24.149375915527344
600,2019-06-21,23.686973571777344
601,2019-06-24,23.53865623474121
602,2019-06-25,23.617176055908203
603,2019-06-26,23.06753921508789
604,2019-06-27,23.146055221557617
605,2019-06-28,23.32054710388184
606,2019-07-01,23.40778923034668
607,2019-07-02,23.77422142028809
608,2019-07-03,23.983606338500977
609,2019-07-05,23.90509033203125
610,2019-07-08,24.088298797607425
611,2019-07-09,24.384937286376957
612,2019-07-10,24.44600486755371
613,2019-07-11,24.280237197875977
614,2019-07-12,24.3587589263916
615,2019-07-15,24.428556442260746
616,2019-07-16,24.393653869628903
617,2019-07-17,24.280237197875977
618,2019-07-18,24.16681861877441
619,2019-07-19,23.5822811126709
620,2019-07-22,23.69569969177246
621,2019-07-23,23.896360397338867
622,2019-07-24,23.71314811706543
623,2019-07-25,23.817842483520508
624,2019-07-26,23.8789119720459
625,2019-07-29,24.05340576171875
626,2019-07-30,24.219165802001957
627,2019-07-31,23.96615982055664
628,2019-08-01,23.948705673217773
629,2019-08-02,24.140649795532227
630,2019-08-05,23.660797119140625
631,2019-08-06,23.887636184692383
632,2019-08-07,24.07084846496582
633,2019-08-08,24.297687530517575
634,2019-08-09,24.297687530517575
635,2019-08-12,24.192991256713867
636,2019-08-13,24.315135955810547
637,2019-08-14,24.201187133789062
638,2019-08-15,24.411556243896484
639,2019-08-16,24.823530197143555
640,2019-08-19,25.05143165588379
641,2019-08-20,24.92871856689453
642,2019-08-21,25.03390121459961
643,2019-08-22,25.44586944580078
644,2019-08-23,25.06019592285156
645,2019-08-26,25.437105178833008
646,2019-08-27,25.4721622467041
647,2019-08-28,25.200439453125
648,2019-08-29,25.35822296142578
649,2019-08-30,25.209205627441406
650,2019-09-03,25.533523559570312
651,2019-09-04,25.45463752746582
652,2019-09-05,25.077730178833008
653,2019-09-06,25.22673797607422
654,2019-09-09,24.858591079711918
655,2019-09-10,24.51673889160156
656,2019-09-11,24.35019874572754
657,2019-09-12,24.49044418334961
658,2019-09-13,24.411556243896484
659,2019-09-16,24.70957946777344
660,2019-09-17,24.97253799438477
661,2019-09-18,24.981306076049805
662,2019-09-19,25.39327621459961
663,2019-09-20,25.638710021972656
664,2019-09-23,25.27932929992676
665,2019-09-24,25.480934143066406
666,2019-09-25,25.77018928527832
667,2019-09-26,26.04191780090332
668,2019-09-27,25.954259872436523
669,2019-09-30,25.954259872436523
670,2019-10-01,25.980558395385746
671,2019-10-02,26.112041473388672
672,2019-10-03,26.20845603942871
673,2019-10-04,26.374998092651367
674,2019-10-07,26.23475646972656
675,2019-10-08,26.03315544128418
676,2019-10-09,26.46265411376953
677,2019-10-10,26.602901458740234
678,2019-10-11,26.515247344970703
679,2019-10-14,26.50648307800293
680,2019-10-15,26.664262771606445
681,2019-10-16,26.71685028076172
682,2019-10-17,26.655492782592773
683,2019-10-18,27.067462921142575
684,2019-10-21,27.25153541564941
685,2019-10-22,26.944744110107425
686,2019-10-23,27.03240203857422
687,2019-10-24,27.07622718811035
688,2019-10-25,27.07622718811035
689,2019-10-28,26.979808807373047
690,2019-10-29,26.99734115600586
691,2019-10-30,26.699317932128903
692,2019-10-31,26.988582611083984
693,2019-11-01,27.03240203857422
694,2019-11-04,26.646726608276367
695,2019-11-05,25.97178840637207
696,2019-11-06,26.296113967895508
697,2019-11-07,25.875375747680664
698,2019-11-08,25.866607666015625
699,2019-11-11,25.82278060913086
700,2019-11-12,25.77876281738281
701,2019-11-13,26.26299095153809
702,2019-11-14,26.41266632080078
703,2019-11-15,26.403858184814453
704,2019-11-18,26.403858184814453
705,2019-11-19,26.351037979125977
706,2019-11-20,26.465484619140625
707,2019-11-21,25.8139762878418
708,2019-11-22,26.095712661743164
709,2019-11-25,26.52712059020996
710,2019-11-26,26.844072341918945
711,2019-11-27,26.720813751220703
712,2019-11-29,26.879289627075195
713,2019-12-02,26.56233787536621
714,2019-12-03,26.483095169067383
715,2019-12-04,26.52712059020996
716,2019-12-05,26.254188537597656
717,2019-12-06,26.43907928466797
718,2019-12-09,26.535924911499023
719,2019-12-10,26.2982120513916
720,2019-12-11,25.93723487854004
721,2019-12-12,25.35615539550781
722,2019-12-13,25.55865478515625
723,2019-12-16,25.690719604492188
724,2019-12-17,25.25931167602539
725,2019-12-18,25.40017890930176
726,2019-12-19,25.734737396240234
727,2019-12-20,25.9460391998291
728,2019-12-23,25.690719604492188
729,2019-12-24,25.70832633972168
730,2019-12-26,25.91082191467285
731,2019-12-27,25.98125648498535
732,2019-12-30,26.20136260986328
733,2019-12-31,26.386253356933597
734,2020-01-02,25.9460391998291
735,2020-01-03,26.483095169067383
736,2020-01-06,26.57994270324707
737,2020-01-07,26.007673263549805
738,2020-01-08,26.27179527282715
739,2020-01-09,26.26299095153809
740,2020-01-10,26.465484619140625
741,2020-01-13,26.57994270324707
742,2020-01-14,26.2982120513916
743,2020-01-15,26.49190330505371
744,2020-01-16,26.879289627075195
745,2020-01-17,26.844072341918945
746,2020-01-21,27.213848114013672
747,2020-01-22,27.42514991760254
748,2020-01-23,27.61004066467285
749,2020-01-24,27.592430114746094
750,2020-01-27,27.46917152404785
751,2020-01-28,27.54840660095215
752,2020-01-29,27.57482147216797
753,2020-01-30,27.74210548400879
754,2020-01-31,27.706884384155277
755,2020-02-03,27.6540584564209
756,2020-02-04,27.9357967376709
757,2020-02-05,27.6540584564209
758,2020-02-06,27.78612327575684
759,2020-02-07,27.74210548400879
760,2020-02-10,28.10307502746582
761,2020-02-11,27.935007095336918
762,2020-02-12,28.14730262756348
763,2020-02-13,28.616130828857425
764,2020-02-14,28.79304313659668
765,2020-02-18,28.84612464904785
766,2020-02-19,28.103073120117188
767,2020-02-20,27.89962577819824
768,2020-02-21,27.76693344116211
769,2020-02-24,27.64309310913086
770,2020-02-25,26.9354305267334
771,2020-02-26,26.192384719848636
772,2020-02-27,25.59971618652344
773,2020-02-28,25.378576278686523
774,2020-03-02,26.404682159423828
775,2020-03-03,26.360450744628903
776,2020-03-04,27.1831111907959
777,2020-03-05,26.71428680419922
778,2020-03-06,26.13046264648437
779,2020-03-09,24.281694412231445
780,2020-03-10,25.17511749267578
781,2020-03-11,23.85709571838379
782,2020-03-12,22.71599006652832
783,2020-03-13,23.9278621673584
784,2020-03-16,18.2930965423584
785,2020-03-17,19.549192428588867
786,2020-03-18,17.07237434387207
787,2020-03-19,16.364713668823242
788,2020-03-20,15.205913543701172
789,2020-03-23,14.26825714111328
790,2020-03-24,16.046260833740234
791,2020-03-25,16.70085334777832
792,2020-03-26,17.629655838012695
793,2020-03-27,18.408090591430664
794,2020-03-30,18.74422645568848
795,2020-03-31,18.90345764160156
796,2020-04-01,17.93926239013672
797,2020-04-02,18.08964157104492
798,2020-04-03,17.134294509887695
799,2020-04-06,18.974218368530277
800,2020-04-07,19.106904983520508
801,2020-04-08,20.38954734802246
802,2020-04-09,21.50411796569824
803,2020-04-13,20.92913627624512
804,2020-04-14,21.406810760498047
805,2020-04-15,21.061824798583984
806,2020-04-16,20.1949405670166
807,2020-04-17,21.070667266845703
808,2020-04-20,19.67304039001465
809,2020-04-21,18.717687606811523
810,2020-04-22,19.53150177001953
811,2020-04-23,19.09806251525879
812,2020-04-24,19.26612663269043
813,2020-04-27,19.973791122436523
814,2020-04-28,20.16840171813965
815,2020-04-29,21.141441345214844
816,2020-04-30,20.92029571533203
817,2020-05-01,20.23031997680664
818,2020-05-04,20.159557342529297
819,2020-05-05,20.79645347595215
820,2020-05-06,20.38954734802246
821,2020-05-07,21.76949119567871
822,2020-05-08,22.05255508422852
823,2020-05-11,22.397539138793945
824,2020-05-12,21.463197708129883
825,2020-05-13,21.329713821411133
826,2020-05-14,21.37421417236328
827,2020-05-15,21.44539833068848
828,2020-05-18,22.62000274658203
829,2020-05-19,22.459829330444336
830,2020-05-20,21.988210678100582
831,2020-05-21,22.450927734375
832,2020-05-22,22.646699905395508
833,2020-05-26,23.251792907714844
834,2020-05-27,23.376379013061523
835,2020-05-28,23.314088821411133
836,2020-05-29,23.40307235717773
837,2020-06-01,24.835729598999023
838,2020-06-02,24.550981521606445
839,2020-06-03,24.755645751953125
840,2020-06-04,24.675556182861328
841,2020-06-05,25.50311851501465
842,2020-06-08,25.98363494873047
843,2020-06-09,25.32514762878418
844,2020-06-10,24.524280548095703
845,2020-06-11,23.420867919921875
846,2020-06-12,24.62216567993164
847,2020-06-15,25.245059967041016
848,2020-06-16,25.689987182617188
849,2020-06-17,25.27175521850586
850,2020-06-18,25.227270126342773
851,2020-06-19,24.773439407348636
852,2020-06-22,25.049293518066406
853,2020-06-23,24.880220413208008
854,2020-06-24,24.266223907470703
855,2020-06-25,24.74674415588379
856,2020-06-26,24.23063087463379
857,2020-06-29,24.10605239868164
858,2020-06-30,24.497583389282227
859,2020-07-01,25.27175521850586
860,2020-07-02,25.1204833984375
861,2020-07-06,24.978107452392575
862,2020-07-07,24.435300827026367
863,2020-07-08,24.533178329467773
864,2020-07-09,24.35521507263184
865,2020-07-10,24.515382766723636
866,2020-07-13,24.09715461730957
867,2020-07-14,24.266223907470703
868,2020-07-15,24.550981521606445
869,2020-07-16,24.37300682067871
870,2020-07-17,24.933618545532227
871,2020-07-20,24.666658401489254
872,2020-07-21,24.61326789855957
873,2020-07-22,25.27175521850586
874,2020-07-23,24.87132453918457
875,2020-07-24,24.497583389282227
876,2020-07-27,24.924715042114254
877,2020-07-28,25.378541946411133
878,2020-07-29,26.117115020751957
879,2020-07-30,26.53534698486328
880,2020-07-31,26.53534698486328
881,2020-08-03,26.392969131469727
882,2020-08-04,26.4018669128418
883,2020-08-05,26.17940330505371
884,2020-08-06,26.099315643310547
885,2020-08-07,26.87348937988281
886,2020-08-10,26.722211837768555
887,2020-08-11,26.25717163085937
888,2020-08-12,26.695384979248047
889,2020-08-13,26.09619140625
890,2020-08-14,25.64009475708008
891,2020-08-17,26.4718074798584
892,2020-08-18,26.1677360534668
893,2020-08-19,25.66691780090332
894,2020-08-20,25.71163749694824
895,2020-08-21,26.015701293945312
896,2020-08-24,26.033586502075195
897,2020-08-25,25.88155746459961
898,2020-08-26,25.488056182861328
899,2020-08-27,25.77423667907715
900,2020-08-28,25.631147384643555
901,2020-08-31,25.60431480407715
902,2020-09-01,25.72952079772949
903,2020-09-02,26.248226165771484
904,2020-09-03,25.77423667907715
905,2020-09-04,25.64009475708008
906,2020-09-08,25.20187187194824
907,2020-09-09,25.979930877685547
908,2020-09-10,25.416513442993164
909,2020-09-11,25.47911071777344
910,2020-09-14,26.07830810546875
911,2020-09-15,25.85472297668457
912,2020-09-16,25.87261390686035
913,2020-09-17,25.60431480407715
914,2020-09-18,25.336017608642575
915,2020-09-21,24.665283203125
916,2020-09-22,24.79048728942871
917,2020-09-23,23.645761489868164
918,2020-09-24,24.11080551147461
919,2020-09-25,24.665283203125
920,2020-09-28,25.523826599121094
921,2020-09-29,25.040895462036133
922,2020-09-30,25.03194808959961
923,2020-10-01,25.72952079772949
924,2020-10-02,26.21245002746582
925,2020-10-05,26.400264739990234
926,2020-10-06,26.3018856048584
927,2020-10-07,26.140905380249023
928,2020-10-08,26.71327018737793
929,2020-10-09,26.49863052368164
930,2020-10-12,26.56123924255371
931,2020-10-13,25.82789421081543
932,2020-10-14,25.47016906738281
933,2020-10-15,25.443344116210938
934,2020-10-16,24.987239837646484
935,2020-10-19,24.74576759338379
936,2020-10-20,24.996177673339844
937,2020-10-21,25.13033103942871
938,2020-10-22,25.747407913208008
939,2020-10-23,25.997812271118164
940,2020-10-26,25.613256454467773
941,2020-10-27,25.08560943603516
942,2020-10-28,24.432758331298828
943,2020-10-29,24.504304885864254
944,2020-10-30,24.37909698486328
945,2020-11-02,24.73682975769043
946,2020-11-03,25.040895462036133
947,2020-11-04,25.77423667907715
948,2020-11-05,25.90838050842285
949,2020-11-06,25.90838050842285
950,2020-11-09,24.802648544311523
951,2020-11-10,25.216175079345703
952,2020-11-11,26.11515045166016
953,2020-11-12,25.827482223510746
954,2020-11-13,26.2230281829834
955,2020-11-16,26.178075790405277
956,2020-11-17,25.890405654907227
957,2020-11-18,25.431928634643555
958,2020-11-19,25.243146896362305
959,2020-11-20,25.395971298217773
960,2020-11-23,25.30607414245605
961,2020-11-24,25.710613250732425
962,2020-11-25,26.29494285583496
963,2020-11-27,25.85444641113281
964,2020-11-30,25.6926326751709
965,2020-12-01,26.29494285583496
966,2020-12-02,25.962322235107425
967,2020-12-03,26.411808013916016
968,2020-12-04,27.184925079345703
969,2020-12-07,26.64554214477539
970,2020-12-08,26.48373031616211
971,2020-12-09,26.24100875854492
972,2020-12-10,25.989294052124023
973,2020-12-11,26.03424072265625
974,2020-12-14,25.872425079345703
975,2020-12-15,26.366863250732425
976,2020-12-16,26.24100875854492
977,2020-12-17,26.32191276550293
978,2020-12-18,25.512834548950195
979,2020-12-21,25.791519165039062
980,2020-12-22,26.088178634643555
981,2020-12-23,25.746566772460938
982,2020-12-24,26.169084548950195
983,2020-12-28,26.3758487701416
984,2020-12-29,26.169084548950195
985,2020-12-30,26.54665946960449
986,2020-12-31,26.699481964111328
987,2021-01-04,25.6926326751709
988,2021-01-05,26.097171783447266
989,2021-01-06,26.16009521484375
990,2021-01-07,26.016263961791992
991,2021-01-08,26.366863250732425
992,2021-01-11,26.11515045166016
993,2021-01-12,25.827482223510746
994,2021-01-13,25.737579345703125
995,2021-01-14,26.02524948120117
996,2021-01-15,26.60059356689453
997,2021-01-19,26.46574592590332
998,2021-01-20,26.99614143371582
999,2021-01-21,27.050079345703125
1000,2021-01-22,26.987154006958008
1001,2021-01-25,26.67251205444336
1002,2021-01-26,26.744428634643555
1003,2021-01-27,25.809494018554688
1004,2021-01-28,26.079191207885746
1005,2021-01-29,26.5017032623291
1006,2021-02-01,27.346742630004883
1007,2021-02-02,27.202905654907227
1008,2021-02-03,26.96018409729004
1009,2021-02-04,27.06806182861328
1010,2021-02-05,26.987154006958008
1011,2021-02-08,27.050079345703125
1012,2021-02-09,27.55636215209961
1013,2021-02-10,27.619651794433597
1014,2021-02-11,27.87279319763184
1015,2021-02-12,28.0264892578125
1016,2021-02-16,27.954160690307617
1017,2021-02-17,27.4388370513916
1018,2021-02-18,26.923507690429688
1019,2021-02-19,27.104326248168945
1020,2021-02-22,26.670366287231445
1021,2021-02-23,26.98679542541504
1022,2021-02-24,27.00487518310547
1023,2021-02-25,26.860219955444336
1024,2021-02-26,26.344900131225582
1025,2021-03-01,26.50763320922852
1026,2021-03-02,26.480512619018555
1027,2021-03-03,25.901899337768555
1028,2021-03-04,25.71204376220703
1029,2021-03-05,25.69395637512207
1030,2021-03-08,25.75724601745605
1031,2021-03-09,26.10983657836914
1032,2021-03-10,26.48954963684082
1033,2021-03-11,26.860219955444336
1034,2021-03-12,27.8818359375
1035,2021-03-15,28.351957321166992
1036,2021-03-16,28.144018173217773
1037,2021-03-17,28.017446517944336
1038,2021-03-18,28.107858657836918
1039,2021-03-19,27.673891067504883
1040,2021-03-22,28.107858657836918
1041,2021-03-23,28.07168960571289
1042,2021-03-24,28.11689567565918
1043,2021-03-25,28.64126205444336
1044,2021-03-26,29.201791763305664
1045,2021-03-29,29.11138343811035
1046,2021-03-30,29.156587600708008
1047,2021-03-31,28.921525955200195
1048,2021-04-01,29.536306381225582
1049,2021-04-05,29.246994018554688
1050,2021-04-06,29.699031829833984
1051,2021-04-07,29.40068817138672
1052,2021-04-08,29.319320678710938
1053,2021-04-09,29.265077590942383
1054,2021-04-12,29.38261032104492
1055,2021-04-13,29.581506729125977
1056,2021-04-14,29.454938888549805
1057,2021-04-15,29.888893127441406
1058,2021-04-16,30.14204216003418
1059,2021-04-19,30.404224395751957
1060,2021-04-20,30.72064971923828
1061,2021-04-21,30.60311508178711
1062,2021-04-22,30.58502960205078
1063,2021-04-23,30.684480667114254
1064,2021-04-26,30.60311508178711
1065,2021-04-27,30.657358169555664
1066,2021-04-28,30.87434196472168
1067,2021-04-29,31.389663696289062
1068,2021-04-30,31.697057723999023
1069,2021-05-03,31.40774726867676
1070,2021-05-04,31.51623916625977
1071,2021-05-05,30.991863250732425
1072,2021-05-06,31.570484161376957
1073,2021-05-07,31.6699333190918
1074,2021-05-10,31.951555252075195
1075,2021-05-11,31.869800567626957
1076,2021-05-12,31.115753173828125
1077,2021-05-13,31.48822784423828
1078,2021-05-14,31.897050857543945
1079,2021-05-17,31.951555252075195
1080,2021-05-18,31.85163116455078
1081,2021-05-19,31.76078224182129
1082,2021-05-20,32.34220886230469
1083,2021-05-21,32.10600662231445
1084,2021-05-24,32.751033782958984
1085,2021-05-25,32.878231048583984
1086,2021-05-26,32.86914825439453
1087,2021-05-27,32.605674743652344
1088,2021-05-28,32.95090866088867
1089,2021-06-01,33.21436309814453
1090,2021-06-02,33.523250579833984
1091,2021-06-03,33.39606475830078
1092,2021-06-04,33.53233337402344
1093,2021-06-07,34.02291488647461
1094,2021-06-08,33.968414306640625
1095,2021-06-09,34.02291488647461
1096,2021-06-10,34.477169036865234
1097,2021-06-11,34.259124755859375
1098,2021-06-14,34.349971771240234
1099,2021-06-15,33.99566650390625
1100,2021-06-16,33.7503662109375
1101,2021-06-17,33.99566650390625
1102,2021-06-18,33.16893768310547
1103,2021-06-21,34.0955924987793
1104,2021-06-22,33.968414306640625
1105,2021-06-23,34.16828536987305
1106,2021-06-24,34.10468292236328
1107,2021-06-25,34.477169036865234
1108,2021-06-28,34.26820755004883
1109,2021-06-29,34.08651351928711
1110,2021-06-30,33.8775634765625
1111,2021-07-01,34.10468292236328
1112,2021-07-02,34.40448760986328
1113,2021-07-06,35.22212600708008
1114,2021-07-07,35.43107986450195
1115,2021-07-08,35.776302337646484
1116,2021-07-09,36.248722076416016
1117,2021-07-12,36.42133331298828
1118,2021-07-13,35.99434280395508
1119,2021-07-14,36.19420623779297
1120,2021-07-15,36.18511962890625
1121,2021-07-16,36.312313079833984
1122,2021-07-19,35.6400260925293
1123,2021-07-20,36.566688537597656
1124,2021-07-21,36.26688766479492
1125,2021-07-22,36.20328903198242
1126,2021-07-23,36.81198501586914
1127,2021-07-26,36.566688537597656
1128,2021-07-27,36.97551345825195
1129,2021-07-28,36.83014678955078
1130,2021-07-29,36.92100143432617
1131,2021-07-30,36.95734024047852
1132,2021-08-02,36.89374542236328
1133,2021-08-03,36.712039947509766
1134,2021-08-04,36.72113037109375
1135,2021-08-05,36.73021697998047
1136,2021-08-06,36.44858169555664
1137,2021-08-09,36.30260848999024
1138,2021-08-10,35.49973678588867
1139,2021-08-11,35.69132614135742
1140,2021-08-12,35.782569885253906
1141,2021-08-13,36.14750671386719
1142,2021-08-16,36.16575241088867
1143,2021-08-17,36.14750671386719
1144,2021-08-18,36.59456253051758
1145,2021-08-19,36.694915771484375
1146,2021-08-20,36.93212890625
1147,2021-08-23,36.80440139770508
1148,2021-08-24,36.5854377746582
1149,2021-08-25,36.56718826293945
1150,2021-08-26,36.76790237426758
1151,2021-08-27,36.95037078857422
1152,2021-08-30,37.680267333984375
1153,2021-08-31,37.57078552246094
1154,2021-09-01,38.25505065917969
1155,2021-09-02,38.74772262573242
1156,2021-09-03,38.27329635620117
1157,2021-09-07,37.680267333984375
1158,2021-09-08,38.09082412719727
1159,2021-09-09,37.49778747558594
1160,2021-09-10,36.75878143310547
1161,2021-09-13,37.01424407958984
1162,2021-09-14,37.02337265014648
1163,2021-09-15,36.8591423034668
1164,2021-09-16,36.92300415039063
1165,2021-09-17,36.39384460449219
1166,2021-09-20,36.37559509277344
1167,2021-09-21,36.46683120727539
1168,2021-09-22,36.96862411499024
1169,2021-09-23,36.91387939453125
1170,2021-09-24,36.14750671386719
1171,2021-09-27,35.18041229248047
1172,2021-09-28,35.16217041015625
1173,2021-09-29,35.536231994628906
1174,2021-09-30,34.97057342529297
1175,2021-10-01,35.40849304199219
1176,2021-10-04,35.344635009765625
1177,2021-10-05,35.052677154541016
1178,2021-10-06,35.26252746582031
1179,2021-10-07,35.17128372192383
1180,2021-10-08,35.143917083740234
1181,2021-10-11,35.23515701293945
1182,2021-10-12,35.58185195922852
1183,2021-10-13,36.3664665222168
1184,2021-10-14,36.75878143310547
1185,2021-10-15,36.658424377441406
1186,2021-10-18,36.740535736083984
1187,2021-10-19,36.66754150390625
1188,2021-10-20,36.93212890625
1189,2021-10-21,36.76790237426758
1190,2021-10-22,37.29708480834961
1191,2021-10-25,37.433929443359375
1192,2021-10-26,37.35181427001953
1193,2021-10-27,36.92300415039063
1194,2021-10-28,37.76237487792969
1195,2021-10-29,37.634647369384766
1196,2021-11-01,37.51604080200195
1197,2021-11-02,37.89923477172852
1198,2021-11-03,37.86273956298828
1199,2021-11-04,37.132850646972656
1200,2021-11-05,37.24233627319336
1201,2021-11-08,37.06825637817383
1202,2021-11-09,37.13238906860352
1203,2021-11-10,37.16904067993164
1204,2021-11-11,37.15071868896485
1205,2021-11-12,37.15987777709961
1206,2021-11-15,37.462215423583984
1207,2021-11-16,37.11406707763672
1208,2021-11-17,37.10490036010742
1209,2021-11-18,37.61796569824219
1210,2021-11-19,37.48053741455078
1211,2021-11-22,37.33395385742188
1212,2021-11-23,37.70042037963867
1213,2021-11-24,38.4425163269043
1214,2021-11-26,37.70042037963867
1215,2021-11-29,37.81036758422852
1216,2021-11-30,37.0499382019043
1217,2021-12-01,36.472755432128906
1218,2021-12-02,37.8745002746582
1219,2021-12-03,38.15850830078125
1220,2021-12-06,38.7540168762207
1221,2021-12-07,39.08383560180664
1222,2021-12-08,39.65186309814453
1223,2021-12-09,39.13881301879883
1224,2021-12-10,39.14797592163086
1225,2021-12-13,39.551082611083984
1226,2021-12-14,38.60742568969727
1227,2021-12-15,39.26707458496094
1228,2021-12-16,38.96473693847656
1229,2021-12-17,39.30371856689453
1230,2021-12-20,38.95557403564453
1231,2021-12-21,39.70683288574219
1232,2021-12-22,40.29317855834961
1233,2021-12-23,40.26569366455078
1234,2021-12-27,40.79706954956055
1235,2021-12-28,40.85204315185547
1236,2021-12-29,41.383419036865234
1237,2021-12-30,41.374267578125
1238,2021-12-31,41.53916931152344
1239,2022-01-03,41.2001953125
1240,2022-01-04,41.346778869628906
1241,2022-01-05,40.210723876953125
1242,2022-01-06,40.08246994018555
1243,2022-01-07,39.32203674316406
1244,2022-01-10,39.06551361083984
1245,2022-01-11,39.54191970825195
1246,2022-01-12,39.816776275634766
1247,2022-01-13,39.963356018066406
1248,2022-01-14,39.75263977050781
1249,2022-01-18,39.63353729248047
1250,2022-01-19,39.257904052734375
1251,2022-01-20,38.33257675170898
1252,2022-01-21,38.36922836303711
1253,2022-01-24,38.19514846801758
1254,2022-01-25,37.65460586547852
1255,2022-01-26,37.242332458496094
1256,2022-01-27,36.74760437011719
1257,2022-01-28,38.1035385131836
1258,2022-01-31,38.46084213256836
1259,2022-02-01,38.31425094604492
1260,2022-02-02,39.02886581420898
1261,2022-02-03,38.84563446044922
1262,2022-02-04,38.87311172485352
1263,2022-02-07,38.17682647705078
1264,2022-02-08,38.28677368164063
1265,2022-02-09,39.23042297363281
1266,2022-02-10,38.68072891235352
1267,2022-02-11,38.5241584777832
1268,2022-02-14,38.12814712524414
1269,2022-02-15,38.08209228515625
1270,2022-02-16,37.25321960449219
1271,2022-02-17,36.17568588256836
1272,2022-02-18,35.567848205566406
1273,2022-02-22,35.73361587524414
1274,2022-02-23,34.46268081665039
1275,2022-02-24,34.31532287597656
1276,2022-02-25,35.95465087890625
1277,2022-02-28,34.812652587890625
1278,2022-03-01,34.49031066894531
1279,2022-03-02,35.825714111328125
1280,2022-03-03,35.59547424316406
1281,2022-03-04,36.10200881958008
1282,2022-03-07,35.23629379272461
1283,2022-03-08,35.567848205566406
1284,2022-03-09,36.258567810058594
1285,2022-03-10,36.29541397094727
1286,2022-03-11,36.332252502441406
1287,2022-03-14,36.009910583496094
1288,2022-03-15,36.3782958984375
1289,2022-03-16,36.65458679199219
1290,2022-03-17,37.48346710205078
1291,2022-03-18,37.47425079345703
1292,2022-03-21,37.35452651977539
1293,2022-03-22,37.19795989990234
1294,2022-03-23,36.52565383911133
1295,2022-03-24,36.921669006347656
1296,2022-03-25,37.27163696289063
1297,2022-03-28,37.27163696289063
1298,2022-03-29,38.20182037353516
1299,2022-03-30,37.67686462402344
1300,2022-03-31,37.00455474853516
1301,2022-04-01,37.79659271240234
1302,2022-04-04,37.17033004760742
1303,2022-04-05,37.05060195922852
1304,2022-04-06,37.64924621582031
1305,2022-04-07,37.53872299194336
1306,2022-04-08,37.99920272827149
1307,2022-04-11,37.80580139160156
1308,2022-04-12,38.14656066894531
1309,2022-04-13,38.5241584777832
1310,2022-04-14,38.63468170166016
1311,2022-04-18,38.39521789550781
1312,2022-04-19,39.63853454589844
1313,2022-04-20,40.43976974487305
1314,2022-04-21,40.30162811279297
1315,2022-04-22,39.67537307739258
1316,2022-04-25,39.42670822143555
1317,2022-04-26,38.689937591552734
1318,2022-04-27,38.41364288330078
1319,2022-04-28,37.943946838378906
1320,2022-04-29,36.67300415039063
1321,2022-05-02,35.35602188110352
1322,2022-05-03,35.438907623291016
1323,2022-05-04,35.68756484985352
1324,2022-05-05,35.10735321044922
1325,2022-05-06,34.987632751464844
1326,2022-05-09,33.1812858581543
1327,2022-05-10,33.209068298339844
1328,2022-05-11,33.19054412841797
1329,2022-05-12,33.22760009765625
1330,2022-05-13,34.20024108886719
1331,2022-05-16,33.77414321899414
1332,2022-05-17,34.135406494140625
1333,2022-05-18,33.051597595214844
1334,2022-05-19,33.11643981933594
1335,2022-05-20,33.54254913330078
1336,2022-05-23,34.01498794555664
1337,2022-05-24,34.83015823364258
1338,2022-05-25,34.83015823364258
1339,2022-05-26,34.60783386230469
1340,2022-05-27,35.70092010498047
1341,2022-05-31,34.94132232666016
1342,2022-06-01,35.23775100708008
1343,2022-06-02,35.9417610168457
1344,2022-06-03,35.469329833984375
1345,2022-06-06,34.81163024902344
1346,2022-06-07,35.385963439941406
1347,2022-06-08,34.60783386230469
1348,2022-06-09,33.959407806396484
1349,2022-06-10,33.43138885498047
1350,2022-06-13,31.44903564453125
1351,2022-06-14,31.152610778808597
1352,2022-06-15,31.71767807006836
1353,2022-06-16,31.291561126708984
1354,2022-06-17,31.273033142089844
1355,2022-06-21,31.523143768310547
1356,2022-06-22,31.541671752929688
1357,2022-06-23,32.49580001831055
1358,2022-06-24,32.89411926269531
1359,2022-06-27,32.921913146972656
1360,2022-06-28,33.14423370361328
1361,2022-06-29,33.01454544067383
1362,2022-06-30,32.95896530151367
1363,2022-07-01,33.107181549072266
1364,2022-07-05,33.43138885498047
1365,2022-07-06,33.70003128051758
1366,2022-07-07,33.89455795288086
1367,2022-07-08,33.78340530395508
1368,2022-07-11,33.81119155883789
1369,2022-07-12,32.338321685791016
1370,2022-07-13,32.70885467529297
1371,2022-07-14,32.49580001831055
1372,2022-07-15,33.1812858581543
1373,2022-07-18,32.95896530151367
1374,2022-07-19,33.04233169555664
1375,2022-07-20,33.079383850097656
1376,2022-07-21,33.55181884765625
1377,2022-07-22,33.76487350463867
1378,2022-07-25,33.77414321899414
1379,2022-07-26,33.9130859375
1380,2022-07-27,34.24657440185547
1381,2022-07-28,35.7750244140625
1382,2022-07-29,36.154815673828125
1383,2022-08-01,35.67312240600586
1384,2022-08-02,35.182167053222656
1385,2022-08-03,34.89500427246094
1386,2022-08-04,35.1265869140625
1387,2022-08-05,35.08953094482422
1388,2022-08-08,35.331783294677734
1389,2022-08-09,35.82561111450195
1390,2022-08-10,36.28216552734375
1391,2022-08-11,36.2355842590332
1392,2022-08-12,36.88779830932617
1393,2022-08-15,37.0648307800293
1394,2022-08-16,37.0927848815918
1395,2022-08-17,37.01824569702149
1396,2022-08-18,36.15171813964844
1397,2022-08-19,36.13308334350586
1398,2022-08-22,35.64857864379883
1399,2022-08-23,34.93113327026367
1400,2022-08-24,35.1081657409668
1401,2022-08-25,35.620628356933594
1402,2022-08-26,34.7354621887207
1403,2022-08-29,34.21369934082031
1404,2022-08-30,33.56147003173828
1405,2022-08-31,33.8037223815918
1406,2022-09-01,34.0552978515625
1407,2022-09-02,33.98075866699219
1408,2022-09-06,35.574031829833984
1409,2022-09-07,36.22626495361328
1410,2022-09-08,36.21693801879883
1411,2022-09-09,36.85053253173828
1412,2022-09-12,37.372314453125
1413,2022-09-13,36.25421524047852
1414,2022-09-14,35.60198211669922
1415,2022-09-15,34.66093063354492
1416,2022-09-16,34.34413528442383
1417,2022-09-19,34.2230110168457
1418,2022-09-20,33.26331329345703
1419,2022-09-21,32.489959716796875
1420,2022-09-22,32.611087799072266
1421,2022-09-23,32.639041900634766
1422,2022-09-26,31.98681640625
1423,2022-09-27,31.586170196533203
1424,2022-09-28,32.13589859008789
1425,2022-09-29,31.56753158569336
1426,2022-09-30,31.46504020690918
1427,2022-10-03,32.545860290527344
1428,2022-10-04,32.64835739135742
1429,2022-10-05,31.921592712402344
1430,2022-10-06,31.399816513061523
1431,2022-10-07,30.14196014404297
1432,2022-10-10,29.94629669189453
1433,2022-10-11,30.719646453857425
1434,2022-10-12,30.0022029876709
1435,2022-10-13,30.272411346435547
1436,2022-10-14,29.44315528869629
1437,2022-10-17,30.61715316772461
1438,2022-10-18,31.017803192138672
1439,2022-10-19,30.281726837158203
1440,2022-10-20,30.31899642944336
1441,2022-10-21,30.84076690673828
1442,2022-10-24,30.635786056518555
1443,2022-10-25,31.64206886291504
1444,2022-10-26,31.353235244750977
1445,2022-10-27,28.93069648742676
1446,2022-10-28,29.825166702270508
1447,2022-10-31,29.527013778686523
1448,2022-11-01,29.4897403717041
1449,2022-11-02,29.312705993652344
1450,2022-11-03,29.21953773498535
1451,2022-11-04,28.912059783935547
1452,2022-11-07,27.87981986999512
1453,2022-11-08,28.25518035888672
1454,2022-11-09,27.97365951538086
1455,2022-11-10,30.30088996887207
1456,2022-11-11,30.009986877441406
1457,2022-11-14,29.37187385559082
1458,2022-11-15,29.719083786010746
1459,2022-11-16,29.25926780700684
1460,2022-11-17,28.883907318115234
1461,2022-11-18,29.343721389770508
1462,2022-11-21,29.324954986572266
1463,2022-11-22,29.634626388549805
1464,2022-11-23,29.653396606445312
1465,2022-11-25,29.766000747680664
1466,2022-11-28,29.080968856811523
1467,2022-11-29,29.95368385314941
1468,2022-11-30,30.61994743347168
1469,2022-12-01,30.357187271118164
1470,2022-12-02,30.36658096313477
1471,2022-12-05,30.169511795043945
1472,2022-12-06,29.709699630737305
1473,2022-12-07,30.19766616821289
1474,2022-12-08,30.131977081298828
1475,2022-12-09,29.644012451171875
1476,2022-12-12,29.23111343383789
1477,2022-12-13,30.07567405700684
1478,2022-12-14,30.038135528564453
1479,2022-12-15,29.29680633544922
1480,2022-12-16,28.508546829223636
1481,2022-12-19,27.917360305786133
1482,2022-12-20,27.71091079711914
1483,2022-12-21,27.936124801635746
1484,2022-12-22,27.795366287231445
1485,2022-12-23,28.0581169128418
1486,2022-12-27,27.898590087890625
1487,2022-12-28,27.316781997680664
1488,2022-12-29,28.18010902404785
1489,2022-12-30,27.814132690429688
1490,2023-01-03,27.457542419433597
1491,2023-01-04,27.889205932617188
1492,2023-01-05,26.82881546020508
1493,2023-01-06,27.90797233581543
1494,2023-01-09,27.964275360107425
1495,2023-01-10,27.97365951538086
1496,2023-01-11,29.23111343383789
1497,2023-01-12,29.475101470947266
1498,2023-01-13,29.28741455078125
1499,2023-01-17,29.681547164916992
1500,2023-01-18,29.05282020568848
1501,2023-01-19,29.034055709838867
1502,2023-01-20,29.58770751953125
1503,2023-01-23,29.522016525268555
1504,2023-01-24,29.944297790527344
1505,2023-01-25,30.10382843017578
1506,2023-01-26,30.1413631439209
1507,2023-01-27,30.54487419128418
1508,2023-01-30,29.841073989868164
1509,2023-01-31,30.497955322265625
1510,2023-02-01,30.6668643951416
1511,2023-02-02,31.821094512939453
1512,2023-02-03,31.36127471923828
1513,2023-02-06,30.995304107666016
1514,2023-02-07,31.06098937988281
1515,2023-02-08,31.023462295532227
1516,2023-02-09,30.61994743347168
1517,2023-02-10,30.6574821472168
1518,2023-02-13,31.28179168701172
1519,2023-02-14,31.272335052490234
1520,2023-02-15,31.130443572998047
1521,2023-02-16,30.82774543762207
1522,2023-02-17,30.86558532714844
1523,2023-02-21,30.50613212585449
1524,2023-02-22,30.36424446105957
1525,2023-02-23,30.449377059936523
1526,2023-02-24,29.84398460388184
1527,2023-02-27,29.63587951660156
1528,2023-02-28,29.56966590881348
1529,2023-03-01,28.718334197998047
1530,2023-03-02,28.92643547058105
1531,2023-03-03,30.108842849731445
1532,2023-03-06,30.14668083190918
1533,2023-03-07,29.408855438232425
1534,2023-03-08,29.91965675354004
1535,2023-03-09,29.579124450683597
1536,2023-03-10,28.62373733520508
1537,2023-03-13,29.44669342041016
1538,2023-03-14,29.56966590881348
1539,2023-03-15,29.758848190307617
1540,2023-03-16,29.41831588745117
1541,2023-03-17,28.8413028717041
1542,2023-03-20,28.954814910888672
1543,2023-03-21,28.557523727416992
1544,2023-03-22,27.233226776123047
1545,2023-03-23,27.12917709350586
1546,2023-03-24,27.848079681396484
1547,2023-03-27,27.933216094970703
1548,2023-03-28,27.86699485778809
1549,2023-03-29,28.595359802246094
1550,2023-03-30,29.039947509765625
1551,2023-03-31,29.541284561157227
1552,2023-04-03,29.503448486328125
1553,2023-04-04,29.56020736694336
1554,2023-04-05,29.522367477416992
1555,2023-04-06,29.7872314453125
1556,2023-04-10,29.92911720275879
1557,2023-04-11,30.193979263305664
1558,2023-04-12,30.231813430786133
1559,2023-04-13,30.46829605102539
1560,2023-04-14,30.45883560180664
1561,2023-04-17,31.215574264526367
1562,2023-04-18,31.31962776184082
1563,2023-04-19,31.48989486694336
1564,2023-04-20,31.39530563354492
1565,2023-04-21,31.48989486694336
1566,2023-04-24,31.073686599731445
1567,2023-04-25,30.619644165039062
1568,2023-04-26,30.40207862854004
1569,2023-04-27,31.092605590820312
1570,2023-04-28,31.565568923950195
1571,2023-05-01,31.61286163330078
1572,2023-05-02,31.830434799194336
1573,2023-05-03,31.64124298095703
1574,2023-05-04,31.57502555847168
1575,2023-05-05,32.53041458129883
1576,2023-05-08,32.520957946777344
1577,2023-05-09,32.4542350769043
1578,2023-05-10,32.86407852172852
1579,2023-05-11,32.4351692199707
1580,2023-05-12,32.416107177734375
1581,2023-05-15,32.48283004760742
1582,2023-05-16,31.653600692749023
1583,2023-05-17,32.025325775146484
1584,2023-05-18,31.9681339263916
1585,2023-05-19,31.958606719970703
1586,2023-05-22,32.06344985961914
1587,2023-05-23,31.748918533325195
1588,2023-05-24,31.39625358581543
1589,2023-05-25,31.358135223388672
1590,2023-05-26,31.825166702270508
1591,2023-05-30,32.01578903198242
1592,2023-05-31,32.29220199584961
1593,2023-06-01,32.26361083984375
1594,2023-06-02,32.87361526489258
1595,2023-06-05,32.85455703735352
1596,2023-06-06,32.597206115722656
1597,2023-06-07,32.84502029418945
1598,2023-06-08,33.121437072753906
1599,2023-06-09,32.68299102783203
1600,2023-06-12,32.03486251831055
1601,2023-06-13,32.42564392089844
1602,2023-06-14,32.4447021484375
1603,2023-06-15,32.730648040771484
1604,2023-06-16,32.78783416748047
1605,2023-06-20,32.77830123901367
1606,2023-06-21,32.578147888183594
1607,2023-06-22,31.996728897094727
1608,2023-06-23,31.20563316345215
1609,2023-06-26,32.025325775146484
1610,2023-06-27,32.47329330444336
1611,2023-06-28,32.654396057128906
1612,2023-06-29,32.53049087524414
1613,2023-06-30,32.78783416748047
1614,2023-07-03,33.22627258300781
1615,2023-07-05,33.03564453125
1616,2023-07-06,33.121437072753906
1617,2023-07-07,33.11190414428711
1618,2023-07-10,33.121437072753906
1619,2023-07-11,33.597999572753906
1620,2023-07-12,33.64565658569336
1621,2023-07-13,33.83628463745117
1622,2023-07-14,33.74097442626953
1623,2023-07-17,33.67425537109375
1624,2023-07-18,33.19768142700195
1625,2023-07-19,33.64565658569336
1626,2023-07-20,33.99831008911133
1627,2023-07-21,34.446285247802734
1628,2023-07-24,34.46534729003906
1629,2023-07-25,33.883934020996094
1630,2023-07-26,33.855342864990234
1631,2023-07-27,33.2548713684082
1632,2023-07-28,33.80768966674805
1633,2023-07-31,33.83628463745117
1634,2023-08-01,33.702842712402344
1635,2023-08-02,33.77909469604492
1636,2023-08-03,33.5122184753418
1637,2023-08-04,33.130958557128906
1638,2023-08-07,33.54389953613281
1639,2023-08-08,33.563106536865234
1640,2023-08-09,33.236595153808594
1641,2023-08-10,33.15016555786133
1642,2023-08-11,33.32302474975586
1643,2023-08-14,33.09254455566406
1644,2023-08-15,32.87166976928711
1645,2023-08-16,32.718017578125
1646,2023-08-17,32.18985366821289
1647,2023-08-18,32.13222885131836
1648,2023-08-21,31.56564140319824
1649,2023-08-22,31.87294578552246
1650,2023-08-23,32.43952941894531
1651,2023-08-24,32.26667404174805
1652,2023-08-25,32.410728454589844
1653,2023-08-28,32.410728454589844
1654,2023-08-29,32.689212799072266
1655,2023-08-30,33.025325775146484
1656,2023-08-31,32.73723220825195
1657,2023-09-01,32.82366180419922
1658,2023-09-05,32.52595901489258
1659,2023-09-06,32.61239242553711
1660,2023-09-07,32.85247039794922
1661,2023-09-08,32.53556442260742
1662,2023-09-11,32.718017578125
1663,2023-09-12,32.967708587646484
1664,2023-09-13,32.929290771484375
1665,2023-09-14,33.75516891479492
1666,2023-09-15,33.889610290527344
1667,2023-09-18,33.30381774902344
1668,2023-09-19,32.70842361450195
1669,2023-09-20,32.61239242553711
1670,2023-09-21,31.70008659362793
1671,2023-09-22,31.383180618286133
1672,2023-09-25,31.2103271484375
1673,2023-09-26,30.730167388916016
1674,2023-09-27,30.44207191467285
1675,2023-09-28,30.49969291687012
1676,2023-09-29,30.432470321655277
1677,2023-10-02,30.04833984375
1678,2023-10-03,29.83707046508789
1679,2023-10-04,30.317228317260746
1680,2023-10-05,30.40365982055664
1681,2023-10-06,30.701356887817383
1682,2023-10-09,30.912628173828125
1683,2023-10-10,30.682151794433597
1684,2023-10-11,31.623262405395508
1685,2023-10-12,31.363975524902344
1686,2023-10-13,31.24873924255371
1687,2023-10-16,31.39278221130371
1688,2023-10-17,31.42159652709961
1689,2023-10-18,30.922229766845703
1690,2023-10-19,30.30762481689453
1691,2023-10-20,29.95230865478516
1692,2023-10-23,29.38572120666504
1693,2023-10-24,29.87548446655273
1694,2023-10-25,29.116832733154297
1695,2023-10-26,27.89723014831543
1696,2023-10-27,27.657150268554688
1697,2023-10-30,28.10849952697754
1698,2023-10-31,28.51183319091797
1699,2023-11-01,28.5694522857666
1700,2023-11-02,29.55858039855957
1701,2023-11-03,30.701356887817383
1702,2023-11-06,30.701356887817383
1703,2023-11-07,30.246307373046875
1704,2023-11-08,30.48835563659668
1705,2023-11-09,30.217260360717773
1706,2023-11-10,30.672311782836918
1707,2023-11-13,30.507719039916992
1708,2023-11-14,32.37632751464844
1709,2023-11-15,32.18269729614258
1710,2023-11-16,32.47315216064453
1711,2023-11-17,32.463470458984375
1712,2023-11-20,32.43442153930664
1713,2023-11-21,32.1052360534668
1714,2023-11-22,32.30855178833008
1715,2023-11-24,32.29887390136719
1716,2023-11-27,32.327919006347656
1717,2023-11-28,32.231101989746094
1718,2023-11-29,31.911596298217773
1719,2023-11-30,32.29887390136719
1720,2023-12-01,32.94756317138672
1721,2023-12-04,32.7151985168457
1722,2023-12-05,32.231101989746094
1723,2023-12-06,31.911596298217773
1724,2023-12-07,31.708276748657227
1725,2023-12-08,32.02778244018555
1726,2023-12-11,32.22141647338867
1727,2023-12-12,32.47315216064453
1728,2023-12-13,33.741477966308594
1729,2023-12-14,34.167484283447266
1730,2023-12-15,33.1218376159668
1731,2023-12-18,33.179931640625
1732,2023-12-19,33.47038650512695
1733,2023-12-20,32.88947296142578
1734,2023-12-21,33.13151931762695
1735,2023-12-22,33.141197204589844
1736,2023-12-26,33.47310256958008
1737,2023-12-27,33.59024429321289
1738,2023-12-28,33.87333679199219
1739,2023-12-29,33.29738998413086
1740,2024-01-02,33.79523849487305
1741,2024-01-03,33.25834274291992
1742,2024-01-04,33.17049026489258
1743,2024-01-05,33.0533447265625
1744,2024-01-08,33.414527893066406
1745,2024-01-09,33.09239196777344
1746,2024-01-10,33.355960845947266
1747,2024-01-11,33.0533447265625
1748,2024-01-12,32.994773864746094
1749,2024-01-16,32.740970611572266
1750,2024-01-17,32.32121276855469
1751,2024-01-18,32.26264190673828
1752,2024-01-19,32.87763214111328
1753,2024-01-22,33.36572265625
1754,2024-01-23,32.92644119262695
1755,2024-01-24,32.33097457885742
1756,2024-01-25,32.46763610839844
1757,2024-01-26,32.4578742980957
1758,2024-01-29,32.526206970214844
1759,2024-01-30,32.291927337646484
1760,2024-01-31,32.145503997802734
1761,2024-02-01,32.653114318847656
1762,2024-02-02,32.23335647583008
1763,2024-02-05,31.452417373657227
1764,2024-02-06,31.940502166748047
1765,2024-02-07,31.78431701660156
1766,2024-02-08,31.911216735839844
1767,2024-02-09,32.28216552734375
1768,2024-02-12,32.11621856689453
1769,2024-02-13,31.4914608001709
1770,2024-02-14,31.559797286987305
1771,2024-02-15,32.077171325683594
1772,2024-02-16,31.92098045349121
1773,2024-02-20,31.98930931091309
1774,2024-02-21,32.4090690612793
1775,2024-02-22,32.33097457885742
1776,2024-02-23,32.487159729003906
1777,2024-02-26,32.516448974609375
1778,2024-02-27,32.73120880126953
1779,2024-02-28,32.84834671020508
1780,2024-02-29,33.25834274291992
1781,2024-03-01,33.71714401245117
1782,2024-03-04,34.5664176940918
1783,2024-03-05,34.03927993774414
1784,2024-03-06,34.08808898925781
1785,2024-03-07,33.78547668457031
1786,2024-03-08,34.283329010009766
1787,2024-03-11,34.27356719970703
1788,2024-03-12,34.36142349243164
1789,2024-03-13,34.38094711303711
1790,2024-03-14,34.03927993774414
1791,2024-03-15,34.127140045166016
1792,2024-03-18,33.79523849487305
1793,2024-03-19,33.86356735229492
1794,2024-03-20,34.0099983215332
1795,2024-03-21,34.26380157470703
1796,2024-03-22,33.765953063964844
1797,2024-03-25,33.56095886230469
1798,2024-03-26,33.45357894897461
1799,2024-03-27,34.349220275878906
1800,2024-03-28,35.04801559448242
1801,2024-04-01,34.51653289794922
1802,2024-04-02,34.2409553527832
1803,2024-04-03,34.191741943359375
1804,2024-04-04,33.85710906982422
1805,2024-04-05,34.22127151489258
1806,2024-04-08,34.78227233886719
1807,2024-04-09,35.00864028930664
1808,2024-04-10,34.3196907043457
1809,2024-04-11,34.06379318237305
1810,2024-04-12,33.38468170166016
1811,2024-04-15,33.030364990234375
1812,2024-04-16,32.51856994628906
1813,2024-04-17,32.548099517822266
1814,2024-04-18,32.87289047241211
1815,2024-04-19,33.04020309448242
1816,2024-04-22,33.24689102172852
1817,2024-04-23,33.59136962890625
1818,2024-04-24,33.76852798461914
1819,2024-04-25,33.93584442138672
1820,2024-04-26,34.17205810546875
1821,2024-04-29,34.03426742553711
1822,2024-04-30,33.66026306152344
1823,2024-05-01,33.54216003417969
1824,2024-05-02,33.955528259277344
1825,2024-05-03,33.84726333618164
1826,2024-05-06,34.25079345703125
1827,2024-05-07,34.427955627441406
1828,2024-05-08,34.152374267578125
1829,2024-05-09,34.427955627441406
1830,2024-05-10,34.231109619140625
1831,2024-05-13,34.20158386230469
1832,2024-05-14,34.427955627441406
1833,2024-05-15,35.08738327026367
1834,2024-05-16,34.65432357788086
1835,2024-05-17,34.89053726196289
1836,2024-05-20,34.870853424072266
1837,2024-05-21,34.62479782104492
1838,2024-05-22,34.427955627441406
1839,2024-05-23,33.97521209716797
1840,2024-05-24,33.93584442138672
1841,2024-05-28,33.53231430053711
1842,2024-05-29,33.24689102172852
1843,2024-05-30,33.49294662475586
1844,2024-05-31,34.2409553527832
1845,2024-06-03,34.152374267578125
1846,2024-06-04,34.3984260559082
1847,2024-06-05,34.1818962097168
1848,2024-06-06,34.309844970703125
1849,2024-06-07,34.45747756958008
1850,2024-06-10,34.75274658203125
1851,2024-06-11,34.54605865478516
1852,2024-06-12,34.496849060058594
1853,2024-06-13,34.47716522216797
1854,2024-06-14,34.93974685668945
1855,2024-06-17,34.949588775634766
1856,2024-06-18,35.16611862182617
1857,2024-06-20,35.028324127197266
1858,2024-06-21,34.86100769042969
1859,2024-06-24,35.28422164916992
1860,2024-06-25,34.97911834716797
1861,2024-06-26,34.555904388427734
1862,2024-06-27,35.0618896484375
1863,2024-06-28,35.60755920410156
1864,2024-07-01,35.4984245300293
1865,2024-07-02,35.766300201416016
1866,2024-07-03,35.72661209106445
1867,2024-07-05,35.75638198852539
1868,2024-07-08,35.845672607421875
1869,2024-07-09,35.8159065246582
1870,2024-07-10,35.557952880859375
1871,2024-07-11,35.16109848022461
1872,2024-07-12,35.091651916503906
1873,2024-07-15,35.00235748291016
1874,2024-07-16,35.54803466796875
1875,2024-07-17,35.46866226196289
1876,2024-07-18,35.63732147216797
1877,2024-07-19,35.63732147216797
1878,2024-07-22,36.01433181762695
1879,2024-07-23,36.20283889770508
1880,2024-07-24,35.68693161010742
1881,2024-07-25,32.93872833251953
1882,2024-07-26,33.801883697509766
1883,2024-07-29,34.01022720336914
1884,2024-07-30,34.71464538574219
1885,2024-07-31,34.99243927001953
1886,2024-08-01,35.25039291381836
1887,2024-08-02,35.30992126464844
1888,2024-08-05,34.397159576416016
1889,2024-08-06,35.30992126464844
1890,2024-08-07,34.942832946777344
1891,2024-08-08,35.171024322509766
1892,2024-08-09,35.40913391113281
1893,2024-08-12,34.97259521484375
1894,2024-08-13,34.99243927001953
1895,2024-08-14,34.84362030029297
1896,2024-08-15,34.98251724243164
1897,2024-08-16,35.00235748291016
1898,2024-08-19,35.349605560302734
1899,2024-08-20,35.39921188354492
1900,2024-08-21,35.7067756652832
1901,2024-08-22,35.65716552734375
1902,2024-08-23,35.865516662597656
1903,2024-08-26,35.54803466796875
1904,2024-08-27,36.1036262512207
1905,2024-08-28,36.16315460205078
1906,2024-08-29,35.93496322631836
1907,2024-08-30,36.55008316040039
1908,2024-09-03,36.97669982910156
1909,2024-09-04,36.927093505859375
1910,2024-09-05,36.98662185668945
1911,2024-09-06,35.66708755493164
1912,2024-09-09,35.40913391113281
1913,2024-09-10,35.80598449707031
1914,2024-09-11,35.71669387817383
1915,2024-09-12,35.99448776245117
1916,2024-09-13,36.72866821289063
1917,2024-09-16,36.48063659667969
1918,2024-09-17,35.825828552246094
1919,2024-09-18,35.57779693603516
1920,2024-09-19,35.75638198852539
1921,2024-09-20,35.75638198852539
1922,2024-09-23,36.21276092529297
1923,2024-09-24,35.270233154296875
1924,2024-09-25,35.30000305175781
1925,2024-09-26,35.0099983215332
1926,2024-09-27,35.0
1927,2024-09-30,35.2599983215332
1928,2024-10-01,34.689998626708984
1929,2024-10-02,34.380001068115234
1930,2024-10-03,34.150001525878906
1931,2024-10-04,34.540000915527344
1932,2024-10-07,34.0
1933,2024-10-08,33.189998626708984
1934,2024-10-09,33.27000045776367
1935,2024-10-10,33.540000915527344
1936,2024-10-11,33.75
1937,2024-10-14,33.7599983215332
1938,2024-10-15,33.459999084472656
1939,2024-10-16,34.2400016784668
1940,2024-10-17,34.16999816894531
1941,2024-10-18,34.130001068115234
1942,2024-10-21,33.709999084472656
1943,2024-10-22,34.02000045776367
1944,2024-10-23,34.709999084472656
1945,2024-10-24,34.31999969482422
1946,2024-10-25,33.599998474121094
1947,2024-10-28,33.560001373291016
1948,2024-10-29,33.209999084472656
1949,2024-10-30,33.22999954223633
1950,2024-10-31,31.40999984741211
1951,2024-11-01,31.399999618530277
1952,2024-11-04,31.790000915527344
1953,2024-11-05,32.2599983215332
1954,2024-11-06,33.36000061035156
1955,2024-11-07,33.29999923706055
1956,2024-11-08,33.70000076293945
1957,2024-11-11,33.83000183105469
1958,2024-11-12,33.43000030517578
1959,2024-11-13,33.90999984741211
1960,2024-11-14,33.540000915527344
1961,2024-11-15,33.790000915527344
1962,2024-11-18,34.150001525878906
1963,2024-11-19,34.029998779296875
1964,2024-11-20,33.70000076293945
1965,2024-11-21,33.81999969482422
1966,2024-11-22,33.880001068115234
1967,2024-11-25,33.84000015258789
1968,2024-11-26,34.15999984741211
1969,2024-11-27,34.61000061035156
1970,2024-11-29,34.25
1971,2024-12-02,33.900001525878906
1972,2024-12-03,33.59000015258789
1973,2024-12-04,33.939998626708984
