Date,Adj Close
2007-12-28,64.5
2008-01-02,65.0
2008-01-03,65.1500015258789
2008-01-04,61.400001525878906
2008-01-07,60.380001068115234
2008-01-08,62.040000915527344
2008-01-09,56.70000076293945
2008-01-10,56.68999862670898
2008-01-11,56.0099983215332
2008-01-14,54.5
2008-01-15,53.09999847412109
2008-01-16,54.22999954223633
2008-01-17,54.68000030517578
2008-01-18,55.970001220703125
2008-01-22,53.56999969482422
2008-01-23,49.720001220703125
2008-01-24,50.93000030517578
2008-01-25,52.70000076293945
2008-01-28,51.959999084472656
2008-01-29,49.869998931884766
2008-01-30,51.0
2008-01-31,50.0
2008-02-01,50.369998931884766
2008-02-04,50.79999923706055
2008-02-05,49.75
2008-02-06,48.84000015258789
2008-02-07,47.869998931884766
2008-02-08,50.400001525878906
2008-02-11,51.04999923706055
2008-02-12,52.119998931884766
2008-02-13,51.97999954223633
2008-02-14,51.650001525878906
2008-02-15,49.900001525878906
2008-02-19,49.75
2008-02-20,49.900001525878906
2008-02-21,49.33000183105469
2008-02-22,48.0
2008-02-25,48.459999084472656
2008-02-26,47.40999984741211
2008-02-27,46.869998931884766
2008-02-28,45.15999984741211
2008-02-29,43.31999969482422
2008-03-03,41.72999954223633
2008-03-04,40.5
2008-03-05,43.25
2008-03-06,42.18000030517578
2008-03-07,41.63999938964844
2008-03-10,41.61000061035156
2008-03-11,42.45000076293945
2008-03-12,43.52000045776367
2008-03-13,42.119998931884766
2008-03-14,43.5
2008-03-17,41.91999816894531
2008-03-18,43.90999984741211
2008-03-19,46.86000061035156
2008-03-20,45.83000183105469
2008-03-25,48.290000915527344
2008-03-26,47.34000015258789
2008-03-27,45.95000076293945
2008-03-28,45.31999969482422
2008-03-31,44.09999847412109
2008-04-01,47.810001373291016
2008-04-02,50.22999954223633
2008-04-03,48.38999938964844
2008-04-04,47.88999938964844
2008-04-07,49.4900016784668
2008-04-08,49.33000183105469
2008-04-09,47.68999862670898
2008-04-10,46.709999084472656
2008-04-11,46.5
2008-04-14,46.16999816894531
2008-04-15,45.060001373291016
2008-04-16,45.95000076293945
2008-04-17,46.720001220703125
2008-04-18,50.5099983215332
2008-04-21,50.41999816894531
2008-04-22,49.2400016784668
2008-04-23,50.79999923706055
2008-04-24,49.18000030517578
2008-04-25,50.2599983215332
2008-04-28,52.06999969482422
2008-04-29,51.5099983215332
2008-04-30,51.9900016784668
2008-05-02,50.43000030517578
2008-05-05,50.400001525878906
2008-05-06,48.619998931884766
2008-05-07,49.11000061035156
2008-05-08,46.79999923706055
2008-05-09,47.09000015258789
2008-05-12,47.130001068115234
2008-05-13,47.70000076293945
2008-05-14,48.83000183105469
2008-05-15,47.75
2008-05-16,48.81999969482422
2008-05-19,53.29999923706055
2008-05-20,51.77999877929688
2008-05-21,50.56999969482422
2008-05-22,49.220001220703125
2008-05-23,49.400001525878906
2008-05-27,50.5
2008-05-28,51.470001220703125
2008-05-29,52.61000061035156
2008-05-30,51.61000061035156
2008-06-02,52.4900016784668
2008-06-03,51.9900016784668
2008-06-04,52.810001373291016
2008-06-05,54.08000183105469
2008-06-06,52.380001068115234
2008-06-09,51.34999847412109
2008-06-10,51.0
2008-06-11,50.2400016784668
2008-06-12,50.09999847412109
2008-06-13,52.0099983215332
2008-06-16,52.45000076293945
2008-06-17,53.95000076293945
2008-06-18,52.709999084472656
2008-06-19,53.709999084472656
2008-06-20,52.27000045776367
2008-06-23,52.459999084472656
2008-06-24,50.06999969482422
2008-06-25,52.84999847412109
2008-06-26,48.59000015258789
2008-06-27,46.900001525878906
2008-06-30,47.93999862670898
2008-07-01,45.459999084472656
2008-07-02,46.0
2008-07-03,45.47999954223633
2008-07-07,47.29999923706055
2008-07-08,46.95000076293945
2008-07-09,46.63999938964844
2008-07-10,44.25
2008-07-11,42.790000915527344
2008-07-14,44.5
2008-07-16,45.720001220703125
2008-07-17,43.52999877929688
2008-07-18,43.880001068115234
2008-07-21,42.38999938964844
2008-07-22,42.43000030517578
2008-07-23,44.20000076293945
2008-07-24,52.400001525878906
2008-07-25,50.0
2008-07-28,48.540000915527344
2008-08-18,58.25
2008-08-19,55.709999084472656
2008-08-20,56.150001525878906
2008-08-21,54.52999877929688
2008-08-22,57.02000045776367
2008-08-25,57.25
2008-08-26,56.400001525878906
2008-08-27,56.0099983215332
2008-08-28,56.02000045776367
2008-08-29,55.7400016784668
2008-09-02,57.34999847412109
2008-09-03,55.63999938964844
2008-09-04,55.150001525878906
2008-09-05,54.72999954223633
2008-09-08,58.0
2008-09-09,56.93000030517578
2008-09-10,55.0
2008-09-11,55.25
2008-09-12,55.56999969482422
2008-09-15,55.970001220703125
2008-09-16,55.56999969482422
2008-09-17,51.900001525878906
2008-09-18,50.52999877929688
2008-09-19,55.41999816894531
2008-09-22,54.84999847412109
2008-09-23,50.52000045776367
2008-09-24,48.47999954223633
2008-09-25,49.02000045776367
2008-09-26,49.880001068115234
2008-09-29,45.70000076293945
2008-09-30,48.5
2008-10-01,50.0
2008-10-02,47.59999847412109
2008-10-03,49.65999984741211
2008-10-06,45.11000061035156
2008-10-07,46.0
2008-10-08,42.93000030517578
2008-10-09,45.58000183105469
2008-10-10,41.75
2008-10-13,42.63999938964844
2008-10-14,42.86000061035156
2008-10-15,37.9900016784668
2008-10-16,33.029998779296875
2008-10-17,38.540000915527344
2008-10-20,38.630001068115234
2008-10-21,39.59999847412109
2008-10-22,38.0
2008-10-23,35.849998474121094
2008-10-24,40.2599983215332
2008-10-27,39.869998931884766
2008-10-28,40.90999984741211
2008-10-29,44.91999816894531
2008-10-30,43.2599983215332
2008-10-31,43.68000030517578
2008-11-03,44.220001220703125
2008-11-04,43.93000030517578
2008-11-05,42.59999847412109
2008-11-06,38.11000061035156
2008-11-07,38.18000030517578
2008-11-10,37.040000915527344
2008-11-11,36.540000915527344
2008-11-12,35.189998626708984
2008-11-13,32.79999923706055
2008-11-14,33.84000015258789
2008-11-17,31.89999961853028
2008-11-18,31.520000457763672
2008-11-19,29.309999465942383
2008-11-20,29.46999931335449
2008-11-21,29.790000915527344
2008-11-24,31.600000381469727
2008-11-25,31.799999237060547
2008-11-26,31.3799991607666
2008-11-28,34.5
2008-12-01,33.2599983215332
2008-12-02,32.540000915527344
2008-12-03,35.18000030517578
2008-12-04,39.310001373291016
2008-12-05,35.439998626708984
2008-12-08,38.43999862670898
2008-12-09,40.5099983215332
2008-12-10,38.810001373291016
2008-12-11,36.47999954223633
2008-12-12,37.54999923706055
2008-12-15,38.04999923706055
2008-12-16,36.77999877929688
2008-12-17,36.5099983215332
2008-12-18,38.040000915527344
2008-12-19,38.0099983215332
2008-12-22,36.77000045776367
2008-12-23,36.84999847412109
2009-08-17,57.02000045776367
2009-11-13,87.66100311279297
2009-11-16,89.61000061035156
2009-11-17,87.5
2009-11-18,87.05000305175781
2009-11-19,86.5
2009-11-20,86.66000366210938
2009-11-23,88.45999908447266
2009-11-24,89.05999755859375
2009-11-25,87.94999694824219
2009-11-27,88.66000366210938
2009-11-30,89.06999969482422
2009-12-01,91.73999786376952
2009-12-02,94.30999755859376
2009-12-03,96.66000366210938
2009-12-04,93.93000030517578
2009-12-07,92.70999908447266
2009-12-08,90.83000183105467
2009-12-09,88.7699966430664
2009-12-10,88.62999725341797
2009-12-11,91.6999969482422
2009-12-14,90.0
2009-12-15,91.0
2009-12-16,89.22000122070312
2009-12-17,89.68000030517578
2009-12-18,88.22000122070312
2009-12-21,92.5500030517578
2009-12-22,94.94000244140624
2009-12-23,95.5199966430664
2009-12-24,95.5199966430664
2009-12-28,98.3000030517578
2009-12-29,97.6999969482422
2009-12-30,96.5
2009-12-31,96.5
2010-01-04,92.75
2010-01-05,93.51000213623048
2010-01-06,92.52999877929688
2010-01-07,90.95999908447266
2010-01-08,91.48999786376952
2010-01-11,89.11000061035156
2010-01-12,88.1500015258789
2010-01-13,87.73999786376953
2010-01-14,88.25
2010-01-15,89.5
2010-01-19,88.01000213623047
2010-01-20,89.27999877929688
2010-01-21,89.19999694824219
2010-01-22,89.0
2010-01-25,84.0
2010-01-26,86.97000122070312
2010-01-27,87.29000091552734
2010-01-28,89.0999984741211
2010-01-29,92.4800033569336
2010-02-01,83.55999755859375
2010-02-02,82.5
2010-02-03,85.55999755859375
2010-02-04,84.87000274658203
2010-02-05,85.43000030517578
2010-02-08,87.05999755859375
2010-02-09,85.5199966430664
2010-02-10,86.19999694824219
2010-02-11,86.91999816894531
2010-02-12,87.30000305175781
2010-02-16,86.4000015258789
2010-02-17,84.94000244140625
2010-02-18,84.66000366210938
2010-02-19,87.0999984741211
2010-02-22,86.75
2010-02-23,86.6500015258789
2010-02-24,87.33999633789062
2010-02-25,85.63999938964844
2010-02-26,86.5
2010-03-01,89.0
2010-03-02,93.5
2010-03-03,91.83999633789062
2010-03-04,93.8499984741211
2010-03-05,94.22000122070312
2010-03-08,94.5500030517578
2010-03-09,95.75
2010-03-10,95.72000122070312
2010-03-11,96.97000122070312
2010-03-12,95.91999816894533
2010-03-15,94.9800033569336
2010-03-16,96.16000366210938
2010-03-17,96.5
2010-03-18,97.06999969482422
2010-03-19,96.72000122070312
2010-03-22,95.77999877929688
2010-03-23,95.3000030517578
2010-03-24,95.63999938964844
2010-03-25,101.75
2010-03-26,101.0500030517578
2010-03-29,100.1999969482422
2010-03-30,102.4000015258789
2010-03-31,100.1999969482422
2010-04-01,98.9499969482422
2010-04-06,101.25
2010-04-07,101.75
2010-04-08,104.3000030517578
2010-04-09,103.9000015258789
2010-04-12,104.5999984741211
2010-04-13,103.3499984741211
2010-04-14,105.4499969482422
2010-04-15,107.3499984741211
2010-04-16,107.0
2010-04-19,104.6500015258789
2010-04-20,106.1500015258789
2010-04-21,108.1999969482422
2010-04-22,110.5500030517578
2010-04-23,107.1500015258789
2010-04-26,109.8499984741211
2010-04-27,107.8499984741211
2010-04-28,106.5500030517578
2010-04-29,107.0999984741211
2010-04-30,104.0500030517578
2010-05-03,103.9499969482422
2010-05-04,101.5500030517578
2010-05-05,101.5
2010-05-06,103.5500030517578
2010-05-07,100.5999984741211
2010-05-10,102.3000030517578
2010-05-11,102.6999969482422
2010-05-12,102.5
2010-05-13,107.8000030517578
2010-05-14,104.5500030517578
2010-05-17,103.9000015258789
2010-05-18,104.25
2010-05-19,102.0999984741211
2010-05-20,99.5
2010-05-21,98.06999969482422
2010-05-24,99.5
2010-05-25,99.45999908447266
2010-05-26,101.6500015258789
2010-05-27,101.3499984741211
2010-05-28,102.1500015258789
2010-06-01,101.8499984741211
2010-06-02,100.3499984741211
2010-06-03,103.4000015258789
2010-06-04,106.1500015258789
2010-06-07,103.8499984741211
2010-06-08,98.6500015258789
2010-06-09,100.1999969482422
2010-06-10,100.5999984741211
2010-06-11,100.9499969482422
2010-06-14,101.6999969482422
2010-06-15,101.5999984741211
2010-06-16,103.1500015258789
2010-06-17,101.5999984741211
2010-06-18,102.75
2010-06-21,101.8499984741211
2010-06-22,101.1500015258789
2010-06-23,99.0
2010-06-24,95.5500030517578
2010-06-25,97.93000030517578
2010-06-28,96.9000015258789
2010-06-29,91.70999908447266
2010-06-30,91.12000274658205
2010-07-01,87.62999725341797
2010-07-02,86.80000305175781
2010-07-06,89.0999984741211
2010-07-07,88.1500015258789
2010-07-08,91.37000274658205
2010-07-09,91.77999877929688
2010-07-12,93.5999984741211
2010-07-13,96.75
2010-07-14,96.75
2010-07-15,93.54000091552734
2010-07-16,92.63999938964844
2010-07-19,90.93000030517578
2010-07-20,91.6999969482422
2010-07-21,92.5999984741211
2010-07-22,92.37999725341795
2010-07-23,87.19999694824219
2010-07-26,89.8499984741211
2010-07-27,88.8499984741211
2010-07-28,89.9000015258789
2010-07-29,88.94999694824219
2010-07-30,89.44999694824219
2010-08-02,90.0
2010-08-03,92.5
2010-08-04,95.5
2010-08-05,95.6999969482422
2010-08-06,94.8499984741211
2010-08-09,97.1999969482422
2010-08-10,98.0
2010-08-11,97.41000366210938
2010-08-12,98.0500030517578
2010-08-13,97.4000015258789
2010-08-16,98.5
2010-08-17,98.6999969482422
2010-08-18,100.3499984741211
2010-08-19,98.9499969482422
2010-08-20,99.7300033569336
2010-08-23,100.0
2010-08-24,98.0500030517578
2010-08-25,99.20999908447266
2010-08-26,99.5500030517578
2010-08-27,98.25
2010-08-30,98.6500015258789
2010-08-31,98.0500030517578
2010-09-01,101.0
2010-09-02,104.6999969482422
2010-09-03,107.0
2010-09-07,108.3000030517578
2010-09-08,108.3499984741211
2010-09-09,110.0
2010-09-10,111.4499969482422
2010-09-13,113.1999969482422
2010-09-14,112.1500015258789
2010-09-15,110.4990005493164
2010-09-16,112.1999969482422
2010-09-17,112.75
2010-09-20,115.0
2010-09-21,116.0
2010-09-22,112.5500030517578
2010-09-23,116.5500030517578
2010-09-24,118.0
2010-09-27,118.3000030517578
2010-09-28,117.1999969482422
2010-09-29,118.0500030517578
2010-09-30,115.1500015258789
2010-10-01,111.0999984741211
2010-10-04,112.9000015258789
2010-10-05,114.6999969482422
2010-10-06,115.1500015258789
2010-10-07,112.0
2010-10-08,109.9499969482422
2010-10-11,111.5
2010-10-12,111.5500030517578
2010-10-13,111.4499969482422
2010-10-14,110.4000015258789
2010-10-15,113.5
2010-10-18,118.5
2010-10-19,116.5999984741211
2010-10-20,112.5999984741211
2010-10-21,118.3499984741211
2010-10-22,120.5
2010-10-25,121.0
2010-10-26,122.0500030517578
2010-10-27,121.4000015258789
2010-10-28,119.4000015258789
2010-10-29,120.6999969482422
2010-11-01,117.1999969482422
2010-11-02,116.6999969482422
2010-11-03,116.0500030517578
2010-11-04,119.8499984741211
2010-11-05,121.5999984741211
2010-11-08,123.5
2010-11-09,123.9499969482422
2010-11-10,125.0
2010-11-11,124.25
2010-11-12,123.3499984741211
2010-11-15,118.3499984741211
2010-11-16,116.5
2010-11-17,118.0999984741211
2010-11-18,120.6500015258789
2010-11-19,120.0
2010-11-22,123.8000030517578
2010-11-23,123.3000030517578
2010-11-24,132.25
2010-11-26,133.89999389648438
2010-11-29,137.35000610351562
2010-11-30,135.64999389648438
2010-12-01,136.85000610351562
2010-12-02,133.25
2010-12-03,131.1999969482422
2010-12-06,132.10000610351562
2010-12-07,134.8000030517578
2010-12-08,133.4499969482422
2010-12-09,132.8000030517578
2010-12-10,132.39999389648438
2010-12-13,132.6999969482422
2010-12-14,130.3000030517578
2010-12-15,133.35000610351562
2010-12-16,134.89999389648438
2010-12-17,135.5
2010-12-20,136.8000030517578
2010-12-21,139.39999389648438
2010-12-22,140.8000030517578
2010-12-23,139.39999389648438
2010-12-27,137.60000610351562
2010-12-28,138.0500030517578
2010-12-29,138.10000610351562
2010-12-30,136.8000030517578
2011-01-03,138.75
2011-01-04,138.6999969482422
2011-01-05,141.60000610351562
2011-01-06,143.0
2011-01-07,142.75
2011-01-10,141.39999389648438
2011-01-11,142.10000610351562
2011-01-12,140.89999389648438
2011-01-13,139.3000030517578
2011-01-14,140.5500030517578
2011-01-18,142.14999389648438
2011-01-19,139.0
2011-01-20,135.64999389648438
2011-01-21,133.14999389648438
2011-01-24,128.8000030517578
2011-01-25,128.5
2011-01-26,127.9499969482422
2011-01-27,130.60000610351562
2011-01-28,124.5500030517578
2011-01-31,123.9000015258789
2011-02-01,124.9000015258789
2011-02-02,125.3000030517578
2011-02-03,126.5
2011-02-04,129.5
2011-02-07,129.89999389648438
2011-02-08,130.5500030517578
2011-02-09,134.60000610351562
2011-02-10,136.85000610351562
2011-02-11,137.89999389648438
2011-02-14,141.35000610351562
2011-02-15,140.5
2011-02-16,138.4499969482422
2011-02-17,138.10000610351562
2011-02-18,137.89999389648438
2011-02-22,133.89999389648438
2011-02-23,128.39999389648438
2011-02-24,129.0
2011-02-25,130.0
2011-02-28,125.6500015258789
2011-03-01,123.6999969482422
2011-03-02,124.3000030517578
2011-03-03,124.6500015258789
2011-03-04,122.6500015258789
2011-03-07,120.5999984741211
2011-03-08,121.4499969482422
2011-03-09,120.25
2011-03-10,121.1999969482422
2011-03-11,120.8499984741211
2011-03-14,117.8499984741211
2011-03-15,119.0
2011-03-16,118.6500015258789
2011-03-17,117.5
2011-03-18,114.0
2011-03-21,115.9000015258789
2011-03-22,114.8000030517578
2011-03-23,115.25
2011-03-24,120.1500015258789
2011-03-25,122.3000030517578
2011-03-28,120.6999969482422
2011-03-29,123.4000015258789
2011-03-30,126.9499969482422
2011-03-31,127.1999969482422
2011-04-01,129.10000610351562
2011-04-04,127.5500030517578
2011-04-05,130.3000030517578
2011-04-06,128.3000030517578
2011-04-07,128.1999969482422
2011-04-08,128.60000610351562
2011-04-11,127.9000015258789
2011-04-12,126.6500015258789
2011-04-13,125.9000015258789
2011-04-14,124.3499984741211
2011-04-15,125.4000015258789
2011-04-18,124.25
2011-04-19,123.4000015258789
2011-04-20,126.9499969482422
2011-04-21,126.4499969482422
2011-04-26,126.3000030517578
2011-04-27,129.8000030517578
2011-04-28,132.64999389648438
2011-04-29,132.0
2011-05-02,133.75
2011-05-03,134.25
2011-05-04,132.10000610351562
2011-05-05,136.64999389648438
2011-05-06,137.25
2011-05-09,140.5
2011-05-10,141.1999969482422
2011-05-11,143.10000610351562
2011-05-12,143.35000610351562
2011-05-13,143.75
2011-05-16,139.0500030517578
2011-05-17,136.75
2011-05-18,137.25
2011-05-19,139.1999969482422
2011-05-20,139.5500030517578
2011-05-23,138.9499969482422
2011-05-24,138.4499969482422
2011-05-25,136.0
2011-05-26,137.25
2011-05-27,136.89999389648438
2011-05-31,136.1999969482422
2011-06-01,135.5
2011-06-02,134.10000610351562
2011-06-03,132.0500030517578
2011-06-06,128.39999389648438
2011-06-07,129.3000030517578
2011-06-08,129.0
2011-06-09,130.35000610351562
2011-06-10,132.14999389648438
2011-06-13,130.14999389648438
2011-06-14,130.8000030517578
2011-06-15,133.4499969482422
2011-06-16,131.0500030517578
2011-06-17,129.89999389648438
2011-06-20,130.89999389648438
2011-06-21,134.5500030517578
2011-06-22,133.9499969482422
2011-06-23,134.14999389648438
2011-06-24,136.64999389648438
2011-06-27,139.75
2011-06-28,140.14999389648438
2011-06-29,142.5500030517578
2011-06-30,139.64999389648438
2011-07-01,142.4499969482422
2011-07-05,146.60000610351562
2011-07-06,148.75
2011-07-07,151.8000030517578
2011-07-08,151.0
2011-07-11,151.3000030517578
2011-07-12,152.64999389648438
2011-07-13,152.4499969482422
2011-07-14,150.3000030517578
2011-07-15,148.85000610351562
2011-07-18,149.4499969482422
2011-07-19,153.0500030517578
2011-07-20,152.4499969482422
2011-07-21,148.85000610351562
2011-07-22,147.9499969482422
2011-07-25,148.9499969482422
2011-07-26,146.5500030517578
2011-07-27,156.10000610351562
2011-07-28,157.0
2011-07-29,156.14999389648438
2011-08-01,156.39999389648438
2011-08-02,156.3000030517578
2011-08-03,147.0
2011-08-04,145.14999389648438
2011-08-05,141.5
2011-08-08,139.3000030517578
2011-08-09,139.60000610351562
2011-08-10,140.75
2011-08-11,138.39999389648438
2011-08-12,141.75
2011-08-15,137.60000610351562
2011-08-16,138.0
2011-08-17,136.10000610351562
2011-08-18,131.10000610351562
2011-08-19,129.4499969482422
2011-08-22,124.3499984741211
2011-08-23,128.0500030517578
2011-08-24,134.10000610351562
2011-08-25,134.35000610351562
2011-08-26,135.9499969482422
2011-08-29,141.14999389648438
2011-08-30,143.6999969482422
2011-08-31,149.35000610351562
2011-09-01,151.6999969482422
2011-09-02,147.5500030517578
2011-09-06,149.5500030517578
2011-09-07,154.35000610351562
2011-09-08,156.85000610351562
2011-09-09,158.0
2011-09-12,157.60000610351562
2011-09-13,158.39999389648438
2011-09-14,161.25
2011-09-15,161.0500030517578
2011-09-16,168.0
2011-09-19,174.4499969482422
2011-09-20,173.3000030517578
2011-09-21,172.39999389648438
2011-09-22,168.39999389648438
2011-09-23,165.0
2011-09-26,167.4499969482422
2011-09-27,166.64999389648438
2011-09-28,170.0
2011-09-29,165.1999969482422
2011-09-30,165.14999389648438
2011-10-03,163.64999389648438
2011-10-04,156.0500030517578
2011-10-05,159.64999389648438
2011-10-06,163.39999389648438
2011-10-07,163.0
2011-10-10,169.1999969482422
2011-10-11,172.5
2011-10-12,173.85000610351562
2011-10-13,173.25
2011-10-14,174.25
2011-10-17,177.0
2011-10-18,174.39999389648438
2011-10-19,172.0500030517578
2011-10-20,168.9499969482422
2011-10-21,169.64999389648438
2011-10-24,171.5
2011-10-25,166.0500030517578
2011-10-26,145.3000030517578
2011-10-27,143.10000610351562
2011-10-28,151.0
2011-10-31,153.5
2011-11-01,153.60000610351562
2011-11-02,155.60000610351562
2011-11-03,156.64999389648438
2011-11-04,156.35000610351562
2011-11-07,156.25
2011-11-08,156.4499969482422
2011-11-09,157.64999389648438
2011-11-10,155.4499969482422
2011-11-11,157.10000610351562
2011-11-14,160.4499969482422
2011-11-15,159.64999389648438
2011-11-16,159.6999969482422
2011-11-17,152.8000030517578
2011-11-18,148.89999389648438
2011-11-21,138.14999389648438
2011-11-22,137.14999389648438
2011-11-23,142.35000610351562
2011-11-25,139.60000610351562
2011-11-28,144.35000610351562
2011-11-29,142.14999389648438
2011-11-30,142.35000610351562
2011-12-01,146.0
2011-12-02,148.10000610351562
2011-12-05,146.1999969482422
2011-12-06,144.10000610351562
2011-12-07,145.89999389648438
2011-12-08,144.6999969482422
2011-12-09,143.75
2011-12-12,143.5500030517578
2011-12-13,139.0
2011-12-14,131.64999389648438
2011-12-15,139.14999389648438
2011-12-16,140.60000610351562
2011-12-19,139.3000030517578
2011-12-20,138.60000610351562
2011-12-21,135.60000610351562
2011-12-22,137.10000610351562
2011-12-23,136.0
2011-12-27,135.5
2011-12-28,134.35000610351562
2011-12-29,132.8000030517578
2011-12-30,135.0
2012-01-03,135.25
2012-01-04,137.39999389648438
2012-01-05,137.60000610351562
2012-01-06,144.4499969482422
2012-01-09,139.35000610351562
2012-01-10,139.89999389648438
2012-01-11,141.5
2012-01-12,138.3000030517578
2012-01-13,138.9499969482422
2012-01-17,142.5500030517578
2012-01-18,145.5500030517578
2012-01-19,150.5500030517578
2012-01-20,147.10000610351562
2012-01-23,143.5
2012-01-24,143.6999969482422
2012-01-25,143.0
2012-01-26,146.85000610351562
2012-01-27,147.85000610351562
2012-01-30,146.25
2012-01-31,145.5500030517578
2012-02-01,134.10000610351562
2012-02-02,135.10000610351562
2012-02-03,140.4499969482422
2012-02-06,140.1999969482422
2012-02-07,139.10000610351562
2012-02-08,138.35000610351562
2012-02-09,137.5
2012-02-10,141.4499969482422
2012-02-13,143.9499969482422
2012-02-14,144.6999969482422
2012-02-15,145.64999389648438
2012-02-16,135.0
2012-02-17,137.64999389648438
2012-02-21,137.4499969482422
2012-02-22,136.5500030517578
2012-02-23,135.1999969482422
2012-02-24,133.75
2012-02-27,132.6999969482422
2012-02-28,135.4499969482422
2012-02-29,134.9499969482422
2012-03-01,134.3000030517578
2012-03-02,136.85000610351562
2012-03-05,135.8000030517578
2012-03-06,137.25
2012-03-07,139.5500030517578
2012-03-08,140.35000610351562
2012-03-09,140.8000030517578
2012-03-12,139.3000030517578
2012-03-13,140.0
2012-03-14,139.64999389648438
2012-03-15,139.75
2012-03-16,139.1999969482422
2012-03-19,139.5
2012-03-20,141.5
2012-03-21,146.35000610351562
2012-03-22,146.0500030517578
2012-03-23,146.9499969482422
2012-03-26,148.0
2012-03-27,155.5500030517578
2012-03-28,152.25
2012-03-29,154.9499969482422
2012-03-30,152.8000030517578
2012-04-02,149.85000610351562
2012-04-03,150.64999389648438
2012-04-04,147.6999969482422
2012-04-05,149.25
2012-04-09,149.25
2012-04-10,146.3000030517578
2012-04-11,145.5
2012-04-12,144.85000610351562
2012-04-13,142.6999969482422
2012-04-16,141.9499969482422
2012-04-17,144.0
2012-04-18,145.64999389648438
2012-04-19,147.8000030517578
2012-04-20,145.3000030517578
2012-04-23,142.85000610351562
2012-04-24,143.89999389648438
2012-04-25,146.75
2012-04-26,146.39999389648438
2012-04-27,170.0
2012-04-30,173.60000610351562
2012-05-01,173.60000610351562
2012-05-02,175.4499969482422
2012-05-03,176.0
2012-05-04,173.8000030517578
2012-05-07,172.0
2012-05-08,168.39999389648438
2012-05-09,171.8000030517578
2012-05-10,172.5500030517578
2012-05-11,175.64999389648438
2012-05-14,175.85000610351562
2012-05-15,179.4499969482422
2012-05-16,177.75
2012-05-17,174.5
2012-05-18,172.0
2012-05-21,169.0
2012-05-22,170.0
2012-05-23,170.10000610351562
2012-05-24,170.64999389648438
2012-05-25,171.0
2012-05-29,171.75
2012-05-30,170.1999969482422
2012-05-31,168.39999389648438
2012-06-01,168.5
2012-06-04,168.64999389648438
2012-06-05,170.39999389648438
2012-06-06,174.25
2012-06-07,173.75
2012-06-08,176.75
2012-06-11,172.8000030517578
2012-06-12,174.0
2012-06-13,171.0500030517578
2012-06-14,171.75
2012-06-15,170.25
2012-06-18,176.5
2012-06-19,174.9499969482422
2012-06-20,176.0500030517578
2012-06-21,177.8000030517578
2012-06-22,175.3000030517578
2012-06-25,175.0
2012-06-26,178.5500030517578
2012-06-27,182.1999969482422
2012-06-28,178.5500030517578
2012-06-29,180.6499938964844
2012-07-02,180.9499969482422
2012-07-03,181.0
2012-07-05,185.3999938964844
2012-07-06,185.0
2012-07-09,183.0
2012-07-10,181.9499969482422
2012-07-11,178.14999389648438
2012-07-12,174.6999969482422
2012-07-13,176.1999969482422
2012-07-16,179.35000610351562
2012-07-17,177.0
2012-07-18,176.6999969482422
2012-07-19,183.5
2012-07-20,188.3000030517578
2012-07-23,183.6999969482422
2012-07-24,183.8999938964844
2012-07-25,179.4499969482422
2012-07-26,176.0500030517578
2012-07-27,188.6999969482422
2012-07-30,194.5500030517578
2012-07-31,190.8000030517578
2012-08-01,189.3000030517578
2012-08-02,187.8000030517578
2012-08-03,191.0500030517578
2012-08-06,189.1000061035156
2012-08-07,193.0
2012-08-08,190.6999969482422
2012-08-09,190.25
2012-08-10,190.25
2012-08-13,187.6000061035156
2012-08-14,190.25
2012-08-15,191.75
2012-08-16,193.75
2012-08-17,195.8000030517578
2012-08-20,193.6000061035156
2012-08-21,192.75
2012-08-22,192.1999969482422
2012-08-23,192.8000030517578
2012-08-24,196.25
2012-08-27,195.1999969482422
2012-08-28,194.0
2012-08-29,195.4499969482422
2012-08-30,197.25
2012-08-31,197.25
2012-09-04,195.5
2012-09-05,196.1499938964844
2012-09-06,199.0
2012-09-07,201.25
2012-09-10,204.0
2012-09-11,198.25
2012-09-12,196.6000061035156
2012-09-13,197.75
2012-09-14,197.75
2012-09-17,197.8000030517578
2012-09-18,199.9499969482422
2012-09-19,200.0
2012-09-20,202.0
2012-09-21,200.1499938964844
2012-09-24,197.5
2012-09-25,198.4499969482422
2012-09-26,194.3999938964844
2012-09-27,197.3500061035156
2012-09-28,197.6000061035156
2012-10-01,196.3999938964844
2012-10-02,193.8999938964844
2012-10-03,196.1000061035156
2012-10-04,198.6499938964844
2012-10-05,199.4499969482422
2012-10-08,197.6000061035156
2012-10-09,196.5500030517578
2012-10-10,194.0500030517578
2012-10-11,189.3500061035156
2012-10-12,187.6499938964844
2012-10-15,186.6499938964844
2012-10-16,187.0
2012-10-17,187.4499969482422
2012-10-18,189.5
2012-10-19,186.5500030517578
2012-10-22,179.60000610351562
2012-10-23,179.85000610351562
2012-10-24,177.10000610351562
2012-10-25,175.64999389648438
2012-10-26,177.89999389648438
2012-10-31,179.14999389648438
2012-11-01,179.60000610351562
2012-11-02,182.4499969482422
2012-11-05,182.5
2012-11-06,184.3000030517578
2012-11-07,180.3999938964844
2012-11-08,180.8500061035156
2012-11-09,179.64999389648438
2012-11-12,178.89999389648438
2012-11-13,178.14999389648438
2012-11-14,177.10000610351562
2012-11-15,175.0
2012-11-16,174.25
2012-11-19,180.6499938964844
2012-11-20,182.0
2012-11-21,183.5
2012-11-23,184.1000061035156
2012-11-26,186.0
2012-11-27,189.5
2012-11-28,189.5
2012-11-29,193.0500030517578
2012-11-30,191.3000030517578
2012-12-03,193.0
2012-12-04,191.6000061035156
2012-12-05,193.1999969482422
2012-12-06,196.5500030517578
2012-12-07,197.1999969482422
2012-12-10,194.6000061035156
2012-12-11,194.8500061035156
2012-12-12,193.25
2012-12-13,192.1000061035156
2012-12-14,189.6499938964844
2012-12-17,191.5
2012-12-18,197.4499969482422
2012-12-19,196.0500030517578
2012-12-20,196.0500030517578
2012-12-21,194.8999938964844
2012-12-24,194.8999938964844
2012-12-26,194.8999938964844
2012-12-27,186.3999938964844
2012-12-28,189.0
2012-12-31,189.0
2013-01-02,192.8000030517578
2013-01-03,197.5500030517578
2013-01-04,198.3500061035156
2013-01-07,204.5
2013-01-08,202.5500030517578
2013-01-09,205.3999938964844
2013-01-10,199.1999969482422
2013-01-11,199.9499969482422
2013-01-14,205.0
2013-01-15,203.3500061035156
2013-01-16,203.5
2013-01-17,203.3500061035156
2013-01-18,204.6499938964844
2013-01-22,203.1000061035156
2013-01-23,201.1000061035156
2013-01-24,206.6999969482422
2013-01-25,205.8500061035156
2013-01-28,206.75
2013-01-29,199.5500030517578
2013-01-30,203.6999969482422
2013-01-31,200.8000030517578
2013-02-01,192.8000030517578
2013-02-04,192.9499969482422
2013-02-05,196.6000061035156
2013-02-06,195.25
2013-02-07,193.1999969482422
2013-02-08,197.1000061035156
2013-02-11,192.4499969482422
2013-02-12,192.8999938964844
2013-02-13,198.1999969482422
2013-02-14,201.5
2013-02-15,199.3000030517578
2013-02-19,200.1999969482422
2013-02-20,202.75
2013-02-21,203.0
2013-02-22,199.25
2013-02-25,202.0
2013-02-26,196.5500030517578
2013-02-27,200.8500061035156
2013-02-28,201.9499969482422
2013-03-01,203.3999938964844
2013-03-04,206.9499969482422
2013-03-05,209.4499969482422
2013-03-06,209.8500061035156
2013-03-07,209.6000061035156
2013-03-08,209.8999938964844
2013-03-11,209.1999969482422
2013-03-12,209.6999969482422
2013-03-13,210.6499938964844
2013-03-14,207.25
2013-03-15,201.6999969482422
2013-03-18,198.8999938964844
2013-03-19,198.6000061035156
2013-03-20,197.9499969482422
2013-03-21,198.0
2013-03-22,195.5
2013-03-25,198.3999938964844
2013-03-26,202.5
2013-03-27,207.1999969482422
2013-03-28,206.6999969482422
2013-04-01,206.6999969482422
2013-04-02,206.9499969482422
2013-04-03,203.3000030517578
2013-04-04,201.1499938964844
2013-04-05,196.0
2013-04-08,197.75
2013-04-09,198.25
2013-04-10,201.6499938964844
2013-04-11,205.1000061035156
2013-04-12,205.9499969482422
2013-04-15,208.0
2013-04-16,206.75
2013-04-17,204.25
2013-04-18,200.3999938964844
2013-04-19,199.25
2013-04-22,199.9499969482422
2013-04-23,206.25
2013-04-24,207.1499938964844
2013-04-25,209.6499938964844
2013-04-26,196.75
2013-04-29,193.75
2013-04-30,193.3000030517578
2013-05-01,193.3000030517578
2013-05-02,191.0
2013-05-03,197.3000030517578
2013-05-06,194.9499969482422
2013-05-07,196.3000030517578
2013-05-08,196.6499938964844
2013-05-09,197.3999938964844
2013-05-10,201.8999938964844
2013-05-13,203.5500030517578
2013-05-14,206.3999938964844
2013-05-15,209.0500030517578
2013-05-16,205.6999969482422
2013-05-17,208.6499938964844
2013-05-20,207.8500061035156
2013-05-21,207.1999969482422
2013-05-22,206.75
2013-05-23,202.5
2013-05-24,201.1499938964844
2013-05-28,209.25
2013-05-29,205.5
2013-05-30,205.0
2013-05-31,209.1000061035156
2013-06-03,202.0
2013-06-04,204.0500030517578
2013-06-05,204.75
2013-06-06,201.8500061035156
2013-06-07,208.6000061035156
2013-06-10,211.8999938964844
2013-06-11,209.1499938964844
2013-06-12,206.1000061035156
2013-06-13,204.8000030517578
2013-06-14,206.3000030517578
2013-06-17,209.6999969482422
2013-06-18,209.8000030517578
2013-06-19,211.1000061035156
2013-06-20,208.8500061035156
2013-06-21,206.4499969482422
2013-06-24,204.0500030517578
2013-06-25,207.0500030517578
2013-06-26,213.6000061035156
2013-06-27,212.8000030517578
2013-06-28,213.8000030517578
2013-07-01,214.75
2013-07-02,217.6999969482422
2013-07-03,218.1499938964844
2013-07-05,220.8000030517578
2013-07-08,225.0
2013-07-09,227.1000061035156
2013-07-10,226.1000061035156
2013-07-11,227.75
2013-07-12,232.4499969482422
2013-07-15,234.4499969482422
2013-07-16,234.5
2013-07-17,233.3500061035156
2013-07-18,233.5
2013-07-19,232.1999969482422
2013-07-22,229.1000061035156
2013-07-23,228.1999969482422
2013-07-24,227.3500061035156
2013-07-25,226.1999969482422
2013-07-26,231.5
2013-07-29,232.4499969482422
2013-07-30,230.8999938964844
2013-07-31,228.0
2013-08-01,226.8500061035156
2013-08-02,228.4499969482422
2013-08-05,226.25
2013-08-06,225.5
2013-08-07,222.8500061035156
2013-08-08,220.5500030517578
2013-08-09,223.0500030517578
2013-08-12,223.5
2013-08-13,220.8000030517578
2013-08-14,221.1000061035156
2013-08-15,216.75
2013-08-16,214.8999938964844
2013-08-19,216.0
2013-08-20,214.9499969482422
2013-08-21,214.5500030517578
2013-08-22,215.5500030517578
2013-08-23,216.0
2013-08-26,216.0
2013-08-27,210.3000030517578
2013-08-28,210.75
2013-08-29,215.25
2013-08-30,213.1499938964844
2013-09-03,219.4499969482422
2013-09-04,220.5500030517578
2013-09-05,224.25
2013-09-06,224.4499969482422
2013-09-09,224.8999938964844
2013-09-10,226.1499938964844
2013-09-11,224.8999938964844
2013-09-12,226.3000030517578
2013-09-13,224.25
2013-09-16,223.0
2013-09-17,226.0
2013-09-18,228.5500030517578
2013-09-19,230.9499969482422
2013-09-20,235.3500061035156
2013-09-23,229.0500030517578
2013-09-24,235.1000061035156
2013-09-25,233.1000061035156
2013-09-26,235.3000030517578
2013-09-27,232.6499938964844
2013-09-30,231.5500030517578
2013-10-01,234.8000030517578
2013-10-02,234.8999938964844
2013-10-03,235.0500030517578
2013-10-04,231.1499938964844
2013-10-07,230.75
2013-10-08,223.0500030517578
2013-10-09,220.0
2013-10-10,224.5
2013-10-11,227.6999969482422
2013-10-14,226.6000061035156
2013-10-15,228.75
2013-10-16,229.0500030517578
2013-10-17,226.75
2013-10-18,237.3500061035156
2013-10-21,237.9499969482422
2013-10-22,238.5500030517578
2013-10-23,236.1000061035156
2013-10-24,240.3500061035156
2013-10-25,259.29998779296875
2013-10-28,261.6000061035156
2013-10-29,263.29998779296875
2013-10-30,262.5
2013-10-31,269.25
2013-11-01,266.04998779296875
2013-11-04,264.04998779296875
2013-11-05,265.29998779296875
2013-11-06,264.5
2013-11-07,259.20001220703125
2013-11-08,260.20001220703125
2013-11-11,263.3500061035156
2013-11-12,260.6499938964844
2013-11-13,260.75
2013-11-14,271.70001220703125
2013-11-15,273.8999938964844
2013-11-18,272.95001220703125
2013-11-19,271.8999938964844
2013-11-20,272.25
2013-11-21,272.8999938964844
2013-11-22,274.79998779296875
2013-11-25,277.8999938964844
2013-11-26,278.8500061035156
2013-11-27,284.3999938964844
2013-11-29,288.1499938964844
2013-12-02,288.5
2013-12-03,281.75
2013-12-04,284.1499938964844
2013-12-05,280.3500061035156
2013-12-06,281.70001220703125
2013-12-09,280.5
2013-12-10,281.25
2013-12-11,280.54998779296875
2013-12-12,277.04998779296875
2013-12-13,282.1000061035156
2013-12-16,283.04998779296875
2013-12-17,281.25
2013-12-18,281.3500061035156
2013-12-19,290.0
2013-12-20,294.8999938964844
2013-12-23,294.3999938964844
2013-12-24,294.3999938964844
2013-12-26,294.3999938964844
2013-12-27,290.75
2013-12-30,290.0
2013-12-31,290.0
2014-01-02,290.3500061035156
2014-01-03,293.54998779296875
2014-01-06,286.54998779296875
2014-01-07,292.54998779296875
2014-01-08,294.54998779296875
2014-01-09,294.6499938964844
2014-01-10,290.20001220703125
2014-01-13,292.1499938964844
2014-01-14,288.70001220703125
2014-01-15,289.8500061035156
2014-01-16,290.5
2014-01-17,296.0
2014-01-21,297.29998779296875
2014-01-22,297.3999938964844
2014-01-23,294.3999938964844
2014-01-24,287.0
2014-01-27,282.25
2014-01-28,285.79998779296875
2014-01-29,285.3500061035156
2014-01-30,293.6000061035156
2014-01-31,271.29998779296875
2014-02-03,257.8500061035156
2014-02-04,259.70001220703125
2014-02-05,254.3999938964844
2014-02-06,258.6499938964844
2014-02-07,260.45001220703125
2014-02-10,264.95001220703125
2014-02-11,261.0
2014-02-12,257.3999938964844
2014-02-13,259.20001220703125
2014-02-14,258.6499938964844
2014-02-18,255.6999969482422
2014-02-19,252.0
2014-02-20,254.5500030517578
2014-02-21,256.20001220703125
2014-02-24,255.6000061035156
2014-02-25,262.1499938964844
2014-02-26,266.25
2014-02-27,259.8999938964844
2014-02-28,264.6000061035156
2014-03-03,260.0
2014-03-04,265.1000061035156
2014-03-05,269.29998779296875
2014-03-06,268.6000061035156
2014-03-07,266.6499938964844
2014-03-10,266.29998779296875
2014-03-11,267.25
2014-03-12,265.3500061035156
2014-03-13,269.3500061035156
2014-03-14,268.70001220703125
2014-03-17,270.79998779296875
2014-03-18,270.75
2014-03-19,271.1000061035156
2014-03-20,268.04998779296875
2014-03-21,265.54998779296875
2014-03-24,253.8999938964844
2014-03-25,254.6999969482422
2014-03-26,254.1499938964844
2014-03-27,247.1499938964844
2014-03-28,250.0500030517578
2014-03-31,246.4499969482422
2014-04-01,247.5500030517578
2014-04-02,250.8500061035156
2014-04-03,244.0
2014-04-04,236.0
2014-04-07,233.0
2014-04-08,236.8999938964844
2014-04-09,234.8000030517578
2014-04-10,231.6499938964844
2014-04-11,226.25
2014-04-14,230.6999969482422
2014-04-15,224.5
2014-04-16,229.6499938964844
2014-04-17,235.5
2014-04-21,235.5
2014-04-22,241.5500030517578
2014-04-23,236.5500030517578
2014-04-24,241.3000030517578
2014-04-25,221.3999938964844
2014-04-28,210.25
2014-04-29,213.75
2014-04-30,217.3000030517578
2014-05-01,217.3000030517578
2014-05-02,220.5
2014-05-05,221.8000030517578
2014-05-06,218.0500030517578
2014-05-07,208.5500030517578
2014-05-08,212.6999969482422
2014-05-09,208.9499969482422
2014-05-12,218.0
2014-05-13,222.0
2014-05-14,218.5500030517578
2014-05-15,213.5500030517578
2014-05-16,215.8500061035156
2014-05-19,218.0
2014-05-20,220.6499938964844
2014-05-21,222.6000061035156
2014-05-22,225.6499938964844
2014-05-23,225.5500030517578
2014-05-27,227.0
2014-05-28,229.8000030517578
2014-05-29,231.1499938964844
2014-05-30,226.4499969482422
2014-06-02,227.6999969482422
2014-06-03,224.8500061035156
2014-06-04,225.75
2014-06-05,233.3000030517578
2014-06-06,241.8000030517578
2014-06-09,241.5
2014-06-10,246.8999938964844
2014-06-11,250.1999969482422
2014-06-12,243.5500030517578
2014-06-13,241.9499969482422
2014-06-16,238.8000030517578
2014-06-17,240.1999969482422
2014-06-18,241.0
2014-06-19,242.5500030517578
2014-06-20,237.1499938964844
2014-06-23,238.3000030517578
2014-06-24,241.6999969482422
2014-06-25,238.3000030517578
2014-06-26,238.9499969482422
2014-06-27,237.75
2014-06-30,237.0
2014-07-01,241.5500030517578
2014-07-02,244.25
2014-07-03,247.5
2014-07-07,244.8000030517578
2014-07-08,237.1000061035156
2014-07-09,241.6499938964844
2014-07-10,241.3000030517578
2014-07-11,250.9499969482422
2014-07-14,260.0
2014-07-15,260.20001220703125
2014-07-16,262.95001220703125
2014-07-17,260.0
2014-07-18,262.79998779296875
2014-07-21,266.1000061035156
2014-07-22,268.5
2014-07-23,265.29998779296875
2014-07-24,267.25
2014-07-25,236.9499969482422
2014-07-28,237.1499938964844
2014-07-29,239.25
2014-07-30,239.1000061035156
2014-07-31,234.8999938964844
2014-08-01,229.4499969482422
2014-08-04,233.3999938964844
2014-08-05,234.3999938964844
2014-08-06,235.8000030517578
2014-08-07,233.5
2014-08-08,234.6499938964844
2014-08-11,238.0500030517578
2014-08-12,238.6499938964844
2014-08-13,247.3500061035156
2014-08-14,247.1499938964844
2014-08-15,246.3000030517578
2014-08-18,250.75
2014-08-19,250.8500061035156
2014-08-20,252.8999938964844
2014-08-21,251.1000061035156
2014-08-22,249.8999938964844
2014-08-25,253.8500061035156
2014-08-26,259.8500061035156
2014-08-27,261.20001220703125
2014-08-28,258.25
2014-08-29,257.0
2014-09-02,258.8999938964844
2014-09-03,258.3500061035156
2014-09-04,267.1499938964844
2014-09-05,265.29998779296875
2014-09-08,265.79998779296875
2014-09-09,260.1499938964844
2014-09-10,257.20001220703125
2014-09-11,255.0
2014-09-12,256.6000061035156
2014-09-15,249.1000061035156
2014-09-16,250.4499969482422
2014-09-17,250.4499969482422
2014-09-18,252.8999938964844
2014-09-19,257.3500061035156
2014-09-22,251.25
2014-09-23,252.3500061035156
2014-09-24,254.5500030517578
2014-09-25,253.4499969482422
2014-09-26,250.3500061035156
2014-09-29,253.6000061035156
2014-09-30,255.0500030517578
2014-10-01,252.5
2014-10-02,248.1000061035156
2014-10-03,248.1000061035156
2014-10-06,255.5500030517578
2014-10-07,252.6999969482422
2014-10-08,251.6000061035156
2014-10-09,253.1999969482422
2014-10-10,249.4499969482422
2014-10-13,243.8000030517578
2014-10-14,246.0
2014-10-15,238.0
2014-10-16,237.1000061035156
2014-10-17,240.6000061035156
2014-10-20,237.9499969482422
2014-10-21,245.1000061035156
2014-10-22,251.1999969482422
2014-10-23,248.5
2014-10-24,228.6000061035156
2014-10-27,225.8999938964844
2014-10-28,232.5
2014-10-29,232.8999938964844
2014-10-30,235.8000030517578
2014-10-31,241.8999938964844
2014-11-04,239.75
2014-11-06,238.6000061035156
2014-11-07,240.6499938964844
2014-11-10,244.6999969482422
2014-11-11,248.75
2014-11-14,263.25
2014-11-17,255.6999969482422
2014-11-18,260.75
2014-11-21,269.25
2014-11-28,273.5
2014-12-01,263.8500061035156
2014-12-02,261.75
2014-12-03,256.1499938964844
2014-12-04,253.1499938964844
2014-12-05,253.9499969482422
2014-12-08,252.9499969482422
2014-12-09,248.3500061035156
2014-12-10,248.8999938964844
2014-12-11,251.3000030517578
2014-12-12,247.0
2014-12-15,244.4499969482422
2014-12-16,240.75
2014-12-17,238.1999969482422
2014-12-18,240.0
2014-12-19,242.1999969482422
2014-12-22,249.5500030517578
2014-12-23,249.4499969482422
2014-12-24,249.4499969482422
2014-12-26,249.4499969482422
2014-12-29,257.6000061035156
2014-12-30,253.4499969482422
2014-12-31,253.4499969482422
2015-01-02,256.6000061035156
2015-01-05,255.1499938964844
2015-01-06,248.5
2015-01-07,254.1000061035156
2015-01-08,254.6999969482422
2015-01-09,252.0500030517578
2015-01-12,247.3000030517578
2015-01-13,255.6000061035156
2015-01-14,243.0500030517578
2015-01-15,250.6000061035156
2015-01-16,249.8999938964844
2015-01-20,248.8999938964844
2015-01-21,256.54998779296875
2015-01-22,269.6000061035156
2015-01-23,277.04998779296875
2015-01-26,273.20001220703125
2015-01-27,270.0
2015-01-28,269.6000061035156
2015-01-29,268.25
2015-01-30,307.0
2015-02-02,318.1000061035156
2015-02-03,317.79998779296875
2015-02-04,320.79998779296875
2015-02-05,329.8500061035156
2015-02-06,330.5
2015-02-09,326.0
2015-02-10,328.79998779296875
2015-02-11,332.1499938964844
2015-02-12,329.5
2015-02-13,333.3500061035156
2015-02-17,327.75
2015-02-18,330.20001220703125
2015-02-19,333.5
2015-02-20,332.3500061035156
2015-02-23,334.25
2015-02-24,334.45001220703125
2015-02-25,339.5
2015-02-26,344.20001220703125
2015-02-27,342.6499938964844
2015-03-02,344.25
2015-03-03,342.79998779296875
2015-03-04,347.5
2015-03-05,350.20001220703125
2015-03-06,352.3999938964844
2015-03-09,346.79998779296875
2015-03-10,346.1499938964844
2015-03-11,350.5
2015-03-12,351.45001220703125
2015-03-13,350.25
2015-03-16,350.70001220703125
2015-03-17,351.6499938964844
2015-03-18,345.1000061035156
2015-03-19,351.1499938964844
2015-03-20,350.3500061035156
2015-03-23,345.95001220703125
2015-03-24,342.1499938964844
2015-03-25,340.8999938964844
2015-03-26,336.8999938964844
2015-03-27,341.0
2015-03-30,345.1499938964844
2015-03-31,351.0
2015-04-01,344.8500061035156
2015-04-02,339.8999938964844
2015-04-06,339.8999938964844
2015-04-07,347.54998779296875
2015-04-08,353.1499938964844
2015-04-09,355.04998779296875
2015-04-13,361.1000061035156
2015-04-14,359.6000061035156
2015-04-15,361.7000122070313
2015-04-16,360.3999938964844
2015-04-17,351.6000061035156
2015-04-20,355.25
2015-04-21,362.1000061035156
2015-04-22,365.6000061035156
2015-04-27,406.7000122070313
2015-04-28,396.0499877929688
2015-04-29,387.7999877929688
2015-04-30,383.2000122070313
2015-05-01,383.2000122070313
2015-05-04,381.3999938964844
2015-05-05,378.75
2015-05-06,369.9500122070313
2015-05-11,388.5499877929688
2015-05-12,384.3999938964844
2015-05-14,379.6499938964844
2015-05-15,373.5
2015-05-18,374.5499877929688
2015-05-19,379.6499938964844
2015-05-21,391.0499877929688
2015-05-22,389.3500061035156
2015-05-26,388.7999877929688
2015-05-27,394.6000061035156
2015-06-01,394.2000122070313
2015-06-02,385.4500122070313
2015-06-03,387.75
2015-06-08,379.3999938964844
2015-06-09,375.7999877929688
2015-06-11,390.0499877929688
2015-06-12,380.75
2015-06-23,394.5499877929688
2015-06-25,394.5
2015-07-01,396.0
2015-07-07,391.0499877929688
2015-07-08,389.1499938964844
2015-07-09,395.6000061035156
2015-07-13,412.0499877929688
2015-07-17,445.3500061035156
2015-07-27,484.25
2015-08-12,462.6499938964844
2015-08-13,477.8500061035156
2015-08-14,478.2999877929688
2015-08-17,481.4500122070313
2015-08-18,487.8999938964844
2015-08-19,479.0499877929688
2015-08-20,465.1000061035156
2015-08-21,445.0499877929688
2015-08-24,408.7000122070313
2015-08-25,424.3500061035156
2015-08-26,425.75
2015-08-27,457.8999938964844
2015-08-28,465.3999938964844
2015-08-31,459.5499877929688
2015-09-01,449.7999877929688
2015-09-02,448.2999877929688
2015-09-03,461.75
2015-09-04,450.1000061035156
2015-09-08,460.5499877929688
2015-09-09,471.0
2015-09-10,463.1000061035156
2015-09-11,463.8999938964844
2015-09-14,458.9500122070313
2015-09-15,464.7999877929688
2015-09-16,462.7999877929688
2015-09-17,471.0
2015-09-18,477.8999938964844
2015-09-21,488.7999877929688
2015-09-22,480.0
2015-09-23,481.3999938964844
2015-09-24,465.3999938964844
2015-09-25,480.3500061035156
2015-09-28,450.9500122070313
2015-09-29,448.9500122070313
2015-09-30,455.8500061035156
2015-10-01,459.7000122070313
2015-10-02,459.7000122070313
2015-10-05,483.3500061035156
2015-10-07,473.5499877929688
2015-10-08,470.0
2015-10-09,474.6000061035156
2015-10-12,482.3500061035156
2015-10-13,482.6499938964844
2015-10-14,477.7000122070313
2015-10-15,483.25
2015-10-16,498.7999877929688
2015-10-19,509.9500122070313
2015-10-20,494.4500122070313
2015-10-21,493.2000122070313
2015-10-22,508.4500122070313
2015-10-23,548.7000122070312
2015-10-26,546.0
2015-10-27,554.4500122070312
2015-10-28,555.1500244140625
2015-10-29,570.2999877929688
2015-10-30,569.9000244140625
2015-11-02,565.0999755859375
2015-11-03,569.7000122070312
2015-11-04,585.75
2015-11-05,600.2999877929688
2015-11-06,612.2000122070312
2015-11-09,603.25
2015-11-10,613.0499877929688
2015-11-11,625.5499877929688
2015-11-12,622.6500244140625
2015-11-13,607.7000122070312
2015-11-16,584.2999877929688
2015-11-17,604.0
2015-11-18,617.25
2015-11-19,619.0999755859375
2015-11-20,624.25
2015-11-23,640.6500244140625
2015-11-24,629.7999877929688
2015-11-25,635.1500244140625
2015-11-27,639.1500244140625
2015-11-30,631.9000244140625
2015-12-01,635.0
2015-12-02,643.0
2015-12-03,622.7999877929688
2015-12-04,617.0499877929688
2015-12-07,609.0999755859375
2015-12-08,616.9500122070312
2015-12-09,611.75
2015-12-10,606.1500244140625
2015-12-11,590.5
2015-12-14,580.75
2015-12-15,612.2000122070312
2015-12-16,606.3499755859375
2015-12-17,625.75
2015-12-18,618.0499877929688
2015-12-21,606.5499877929688
2015-12-22,605.6500244140625
2015-12-23,604.75
2015-12-24,604.75
2015-12-28,606.75
2015-12-29,634.0
2015-12-30,629.1500244140625
2015-12-31,629.1500244140625
2016-01-04,592.9000244140625
2016-01-05,590.4000244140625
2016-01-06,591.5999755859375
2016-01-07,576.0
2016-01-08,561.5
2016-01-11,558.2999877929688
2016-01-12,573.0999755859375
2016-01-13,557.0999755859375
2016-01-14,545.0999755859375
2016-01-15,522.25
2016-01-19,529.0999755859375
2016-01-20,505.4500122070313
2016-01-21,537.3499755859375
2016-01-22,553.0399780273438
2016-01-25,555.0
2016-01-26,545.5499877929688
2016-01-27,546.2999877929688
2016-01-28,558.9000244140625
2016-01-29,537.7000122070312
2016-02-01,530.8499755859375
2016-02-02,514.0
2016-02-03,481.6000061035156
2016-02-04,474.3999938964844
2016-02-05,455.0499877929688
2016-02-08,430.6499938964844
2016-02-09,431.8999938964844
2016-02-10,444.2999877929688
2016-02-11,435.2000122070313
2016-02-12,459.2000122070313
2016-02-16,461.4500122070313
2016-02-17,477.8999938964844
2016-02-18,481.5
2016-02-19,476.2000122070313
2016-02-22,509.1300048828125
2016-02-23,497.1499938964844
2016-02-24,485.25
2016-02-25,498.0499877929688
2016-02-26,510.2999877929688
2016-02-29,514.5999755859375
2016-03-01,527.010009765625
2016-03-02,534.5
2016-03-03,525.3499755859375
2016-03-04,524.52001953125
2016-03-07,512.8499755859375
2016-03-08,510.8500061035156
2016-03-09,502.1000061035156
2016-03-11,507.8500061035156
2016-03-14,517.2000122070312
2016-03-15,516.8499755859375
2016-03-16,518.9500122070312
2016-03-17,493.1000061035156
2016-03-22,500.1499938964844
2016-03-24,517.6500244140625
2016-03-29,526.0
2016-03-31,523.5499877929688
2016-04-13,544.2999877929688
2016-04-14,550.5999755859375
2016-04-15,552.2000122070312
2016-04-18,556.2999877929688
2016-04-19,553.7999877929688
2016-04-20,560.2999877929688
2016-04-21,562.5499877929688
2016-04-22,545.7000122070312
2016-04-25,550.0
2016-04-27,535.0
2016-04-28,548.9000244140625
2016-04-29,575.7000122070312
2016-05-09,594.2000122070312
2016-05-11,622.6500244140625
2016-05-16,630.0
2016-05-18,618.75
2016-05-26,639.0
2016-05-27,642.0
2016-05-31,649.4500122070312
2016-06-01,646.5499877929688
2016-06-02,645.2000122070312
2016-06-03,636.0
2016-06-06,641.4000244140625
2016-06-07,639.0
2016-06-08,637.3499755859375
2016-06-09,641.0
2016-06-10,636.5
2016-06-13,636.9500122070312
2016-06-14,637.75
2016-06-15,637.1500244140625
2016-06-16,634.5
2016-06-17,627.2000122070312
2016-06-20,637.0499877929688
2016-06-21,633.2999877929688
2016-06-22,630.8499755859375
2016-06-23,632.5999755859375
2016-06-24,633.7999877929688
2016-06-27,625.1500244140625
2016-06-28,637.6500244140625
2016-06-29,646.2000122070312
2016-06-30,647.1500244140625
2016-07-01,650.9500122070312
2016-07-05,650.2000122070312
2016-07-06,662.5
2016-07-07,662.7000122070312
2016-07-08,673.5
2016-07-11,683.9000244140625
2016-07-12,679.0499877929688
2016-07-13,673.0499877929688
2016-07-14,670.5
2016-07-15,666.0
2016-07-18,666.7999877929688
2016-07-19,674.8499755859375
2016-07-20,676.5499877929688
2016-07-21,678.4500122070312
2016-07-22,682.25
2016-07-25,675.9500122070312
2016-07-26,670.7000122070312
2016-07-27,672.0999755859375
2016-07-28,675.6500244140625
2016-07-29,684.9000244140625
2016-08-01,687.3499755859375
2016-08-02,676.2000122070312
2016-08-03,674.5
2016-08-04,679.75
2016-08-05,692.4500122070312
2016-08-08,689.0
2016-08-09,694.2000122070312
2016-08-10,687.4500122070312
2016-08-11,689.5999755859375
2016-08-12,690.4000244140625
2016-08-15,687.0
2016-08-16,678.6500244140625
2016-08-17,674.3499755859375
2016-08-18,673.3499755859375
2016-08-19,671.0499877929688
2016-08-22,669.2999877929688
2016-08-23,674.3499755859375
2016-08-24,676.0999755859375
2016-08-25,670.8499755859375
2016-08-26,682.4500122070312
2016-08-29,691.1500244140625
2016-08-30,687.75
2016-08-31,687.25
2016-09-01,686.5499877929688
2016-09-02,693.75
2016-09-06,695.9000244140625
2016-09-07,698.6500244140625
2016-09-08,698.0900268554688
2016-09-09,690.9000244140625
2016-09-12,675.0
2016-09-13,677.0
2016-09-14,677.7000122070312
2016-09-15,682.7000122070312
2016-09-16,699.0499877929688
2016-09-19,693.6500244140625
2016-09-20,696.0999755859375
2016-09-21,701.8499755859375
2016-09-22,711.6500244140625
2016-09-23,717.3499755859375
2016-09-26,712.0
2016-09-27,725.5499877929688
2016-09-28,734.2999877929688
2016-09-29,737.3499755859375
2016-09-30,745.2000122070312
2016-10-03,745.2000122070312
2016-10-04,748.25
2016-10-05,749.4500122070312
2016-10-06,755.2999877929688
2016-10-07,754.4500122070312
2016-10-10,756.5
2016-10-11,757.7899780273438
2016-10-12,758.5999755859375
2016-10-13,747.7000122070312
2016-10-14,753.9500122070312
2016-10-17,741.0999755859375
2016-10-18,744.7000122070312
2016-10-19,744.5499877929688
2016-10-20,741.7000122070312
2016-10-21,749.2999877929688
2016-10-24,764.9500122070312
2016-10-25,774.1500244140625
2016-10-26,759.2999877929688
2016-10-27,754.75
2016-10-28,715.6500244140625
2016-10-31,723.75
2016-11-01,712.5999755859375
2016-11-02,696.5999755859375
2016-11-03,691.5499877929688
2016-11-04,683.9500122070312
2016-11-07,708.4000244140625
2016-11-08,712.5999755859375
2016-11-09,703.9500122070312
2016-11-10,686.7000122070312
2016-11-11,676.8499755859375
2016-11-14,671.5499877929688
2016-11-15,688.4500122070312
2016-11-16,700.5
2016-11-17,707.25
2016-11-18,718.8800048828125
2016-11-21,730.1500244140625
2016-11-22,735.0499877929688
2016-11-23,734.1500244140625
2016-11-25,737.97998046875
2016-11-28,726.3499755859375
2016-11-29,720.9000244140625
2016-11-30,717.0
2016-12-01,700.0
2016-12-02,697.25
2016-12-05,708.0
2016-12-06,713.5999755859375
2016-12-07,710.0499877929688
2016-12-08,715.0499877929688
2016-12-09,724.6500244140625
2016-12-12,716.4299926757812
2016-12-13,715.5999755859375
2016-12-14,724.8499755859375
2016-12-15,739.0
2016-12-16,722.0999755859375
2016-12-19,735.0
2016-12-20,746.0
2016-12-21,734.3499755859375
2016-12-22,732.1500244140625
2016-12-23,723.4000244140625
2016-12-27,739.0
2016-12-28,745.0499877929688
2016-12-29,729.6500244140625
2016-12-30,727.7999877929688
2017-01-03,722.0499877929688
2017-01-04,721.5
2017-01-05,731.7000122070312
2017-01-06,749.0
2017-01-09,754.1500244140625
2017-01-10,756.4000244140625
2017-01-11,754.4500122070312
2017-01-12,754.0
2017-01-13,771.2999877929688
2017-01-17,754.5
2017-01-18,754.7999877929688
2017-01-19,766.2999877929688
2017-01-20,760.4500122070312
2017-01-23,755.4500122070312
2017-01-24,765.2000122070312
2017-01-25,775.7999877929688
2017-01-26,786.7000122070312
2017-01-27,781.7999877929688
2017-01-30,772.6500244140625
2017-01-31,760.0999755859375
2017-02-01,768.9000244140625
2017-02-02,779.2999877929688
2017-02-03,752.4500122070312
2017-02-06,751.5499877929688
2017-02-07,760.75
2017-02-08,765.2999877929688
2017-02-09,772.75
2017-02-10,777.0
2017-02-13,793.9500122070312
2017-02-14,789.4500122070312
2017-02-15,793.25
2017-02-16,788.5999755859375
2017-02-17,796.2000122070312
2017-02-21,812.0
2017-02-22,813.2000122070312
2017-02-23,805.0499877929688
2017-02-24,795.7000122070312
2017-02-27,800.0
2017-02-28,799.8499755859375
2017-03-01,806.2000122070312
2017-03-02,807.0499877929688
2017-03-03,805.2000122070312
2017-03-06,795.4500122070312
2017-03-08,806.1500244140625
2017-03-09,808.0999755859375
2017-03-10,801.2000122070312
2017-03-13,801.2999877929688
2017-03-14,798.3499755859375
2017-03-15,799.2999877929688
2017-03-16,794.1500244140625
2017-03-17,792.7999877929688
2017-03-20,796.9000244140625
2017-03-21,786.0
2017-03-22,784.1500244140625
2017-03-23,787.9000244140625
2017-03-24,786.2000122070312
2017-03-27,775.5999755859375
2017-03-28,786.2000122070312
2017-03-29,807.7000122070312
2017-03-30,814.1500244140625
2017-03-31,831.0
2017-04-03,833.6500244140625
2017-04-04,844.3499755859375
2017-04-06,847.5499877929688
2017-04-10,854.3499755859375
2017-04-11,846.5499877929688
2017-04-12,848.7000122070312
2017-04-13,839.9000244140625
2017-04-17,839.9000244140625
2017-04-19,847.9000244140625
2017-04-20,837.4500122070312
2017-04-24,835.75
2017-04-25,829.5
2017-04-26,837.1500244140625
2017-04-27,847.25
2017-04-28,858.0499877929688
2017-05-01,858.0499877929688
2017-05-02,865.7999877929688
2017-05-03,858.5499877929688
2017-05-04,855.4000244140625
2017-05-05,848.5
2017-05-08,860.7000122070312
2017-05-09,876.6500244140625
2017-05-10,873.9000244140625
2017-05-11,868.4500122070312
2017-05-12,876.7000122070312
2017-05-15,873.8499755859375
2017-05-16,872.3499755859375
2017-05-17,856.1500244140625
2017-05-18,859.9000244140625
2017-05-19,863.8499755859375
2017-05-22,863.0
2017-05-23,865.3499755859375
2017-05-24,870.8499755859375
2017-05-25,888.8499755859375
2017-05-26,889.7999877929688
2017-05-30,892.9500122070312
2017-05-31,882.4000244140625
2017-06-01,887.4500122070312
2017-06-02,889.0499877929688
2017-06-05,889.0499877929688
2017-06-06,896.4500122070312
2017-06-07,893.7000122070312
2017-06-08,900.0
2017-06-09,899.0499877929688
2017-06-12,867.5499877929688
2017-06-13,867.4000244140625
2017-06-14,873.9500122070312
2017-06-19,893.75
2017-06-20,898.3499755859375
2017-06-21,891.5
2017-06-22,900.0
2017-06-23,893.7999877929688
2017-06-27,878.4000244140625
2017-06-28,864.9000244140625
2017-06-29,850.75
2017-06-30,857.0
2017-07-03,844.1500244140625
2017-07-05,852.0499877929688
2017-07-06,845.25
2017-07-07,856.5999755859375
2017-07-10,873.0999755859375
2017-07-13,878.1500244140625
2017-07-18,880.6500244140625
2017-07-19,893.0
2017-07-20,884.0999755859375
2017-07-21,878.5999755859375
2017-07-24,886.6500244140625
2017-07-25,889.2999877929688
2017-07-26,902.5999755859376
2017-07-27,925.75
2017-07-31,845.0999755859375
2017-08-03,831.1500244140625
2017-08-04,841.6500244140625
2017-08-07,842.5
2017-08-08,844.4000244140625
2017-08-09,837.4000244140625
2017-08-10,821.0499877929688
2017-08-11,819.5499877929688
2017-08-14,834.7999877929688
2017-08-15,839.7999877929688
2017-08-16,839.1500244140625
2017-08-17,824.0499877929688
2017-08-18,821.1500244140625
2017-08-21,805.0999755859375
2017-08-22,820.25
2017-08-23,813.5499877929688
2017-08-24,798.0
2017-08-25,799.4500122070312
2017-08-28,799.0
2017-08-29,790.75
2017-08-30,807.0999755859375
2017-08-31,822.9000244140625
2017-09-01,825.0
2017-09-05,813.5999755859375
2017-09-06,807.1500244140625
2017-09-07,813.1500244140625
2017-09-08,809.9500122070312
2017-09-11,816.2999877929688
2017-09-12,821.0499877929688
2017-09-13,831.25
2017-09-14,834.5499877929688
2017-09-15,830.6500244140625
2017-09-18,824.7000122070312
2017-09-19,812.8499755859375
2017-09-20,806.75
2017-09-21,811.25
2017-09-22,800.2000122070312
2017-09-25,794.8499755859375
2017-09-26,794.1500244140625
2017-09-27,804.75
2017-09-28,812.2000122070312
2017-09-29,815.7000122070312
2017-10-02,816.7000122070312
2017-10-03,816.7000122070312
2017-10-04,821.8499755859375
2017-10-06,843.2000122070312
2017-10-09,844.2000122070312
2017-10-10,834.2000122070312
2017-10-11,835.9000244140625
2017-10-12,847.8499755859375
2017-10-13,848.9000244140625
2017-10-16,850.5
2017-10-17,857.4000244140625
2017-10-18,855.9000244140625
2017-10-19,832.7999877929688
2017-10-20,840.5499877929688
2017-10-23,829.1500244140625
2017-10-24,831.3499755859375
2017-10-25,822.5499877929688
2017-10-26,831.9000244140625
2017-10-27,938.4500122070312
2017-10-30,952.4000244140624
2017-10-31,952.4000244140624
2017-11-01,948.0999755859376
2017-11-02,937.7000122070312
2017-11-03,943.0
2017-11-06,966.25
2017-11-07,968.9500122070312
2017-11-08,971.25
2017-11-09,964.9500122070312
2017-11-10,965.8499755859376
2017-11-13,974.75
2017-11-14,964.5
2017-11-15,955.9500122070312
2017-11-16,964.7999877929688
2017-11-17,964.5
2017-11-20,959.4500122070312
2017-11-21,969.3499755859376
2017-11-22,973.5499877929688
2017-11-24,984.2999877929688
2017-11-27,1003.7000122070312
2017-11-28,1010.0499877929688
2017-11-29,974.9000244140624
2017-11-30,974.9000244140624
2017-12-01,974.9000244140624
2017-12-04,974.9000244140624
2017-12-05,974.9000244140624
2017-12-06,974.9000244140624
2017-12-07,974.9000244140624
2017-12-08,974.9000244140624
2017-12-11,974.9000244140624
2017-12-12,974.9000244140624
2017-12-13,974.9000244140624
2017-12-14,974.9000244140624
2017-12-15,974.9000244140624
2017-12-18,974.9000244140624
2017-12-19,974.9000244140624
2017-12-20,974.9000244140624
2017-12-21,974.9000244140624
2017-12-22,974.9000244140624
2017-12-26,974.9000244140624
2017-12-27,974.9000244140624
2017-12-28,974.9000244140624
2017-12-29,974.9000244140624
2018-01-02,974.9000244140624
2018-01-03,998.0
2018-01-04,1002.0
2018-01-05,1012.0
2018-01-08,1042.0
2018-01-09,1044.0
2018-01-10,1044.0
2018-01-11,1044.0
2018-01-12,1074.0
2018-01-16,1086.0
2018-01-17,1056.0
2018-01-18,1064.0
2018-01-19,1060.0
2018-01-22,1074.0
2018-01-23,1102.0
2018-01-24,1094.0
2018-01-25,1096.0
2018-01-26,1124.0
2018-01-29,1148.0
2018-01-30,1149.06005859375
2018-05-22,1.4199999570846558
2018-05-23,1.409999966621399
2018-05-24,1.4299999475479126
2018-05-25,1.3300000429153442
